地区,国家,确诊,疑似,治愈,死亡,日期
浙江省,中国,10,,0,0,2020-01-22
上海市,中国,9,,0,0,2020-01-22
湖南省,中国,4,,0,0,2020-01-22
广东省,中国,26,,0,0,2020-01-22
河南省,中国,5,,0,0,2020-01-22
四川省,中国,5,,0,0,2020-01-22
山东省,中国,2,,0,0,2020-01-22
湖北省,中国,375,,25,9,2020-01-22
广西壮族自治区,中国,2,,0,0,2020-01-22
黑龙江省,中国,0,,0,0,2020-01-22
辽宁省,中国,2,,0,0,2020-01-22
河北省,中国,1,,0,0,2020-01-22
香港,中国,0,,0,0,2020-01-22
重庆市,中国,6,,0,0,2020-01-22
山西省,中国,1,,0,0,2020-01-22
安徽省,中国,1,,0,0,2020-01-22
吉林省,中国,0,,0,0,2020-01-22
福建省,中国,1,,0,0,2020-01-22
北京市,中国,10,,0,0,2020-01-22
台湾,中国,1,,0,0,2020-01-22
云南省,中国,1,,0,0,2020-01-22
宁夏回族自治区,中国,1,,0,0,2020-01-22
江西省,中国,2,,0,0,2020-01-22
贵州省,中国,1,,0,0,2020-01-22
天津市,中国,4,,0,0,2020-01-22
海南省,中国,4,,0,0,2020-01-22
澳门,中国,1,,0,0,2020-01-22
浙江省,中国,27,,0,0,2020-01-23
上海市,中国,16,,0,0,2020-01-23
江苏省,中国,5,,0,0,2020-01-23
湖南省,中国,9,,0,0,2020-01-23
广东省,中国,32,,2,0,2020-01-23
内蒙古自治区,中国,0,,0,0,2020-01-23
四川省,中国,8,,0,0,2020-01-23
山东省,中国,6,,0,0,2020-01-23
广西壮族自治区,中国,5,,0,0,2020-01-23
黑龙江省,中国,2,,0,0,2020-01-23
辽宁省,中国,3,,0,0,2020-01-23
香港,中国,2,,0,0,2020-01-23
重庆市,中国,9,,0,0,2020-01-23
新疆维吾尔自治区,中国,2,,0,0,2020-01-23
安徽省,中国,9,,0,0,2020-01-23
吉林省,中国,1,,0,0,2020-01-23
甘肃省,中国,2,,0,0,2020-01-23
福建省,中国,5,,0,0,2020-01-23
陕西省,中国,3,,0,0,2020-01-23
北京市,中国,22,,0,0,2020-01-23
江西省,中国,3,,0,0,2020-01-23
贵州省,中国,3,,0,0,2020-01-23
海南省,中国,5,,0,0,2020-01-23
澳门,中国,2,,0,0,2020-01-23
浙江省,中国,43,,1,0,2020-01-24
上海市,中国,20,,1,0,2020-01-24
江苏省,中国,9,,0,0,2020-01-24
湖南省,中国,24,,0,0,2020-01-24
广东省,中国,53,,2,0,2020-01-24
河南省,中国,9,,0,0,2020-01-24
内蒙古自治区,中国,2,,0,0,2020-01-24
四川省,中国,15,,0,0,2020-01-24
山东省,中国,15,,0,0,2020-01-24
湖北省,中国,549,,31,24,2020-01-24
广西壮族自治区,中国,13,,0,0,2020-01-24
黑龙江省,中国,4,,0,1,2020-01-24
辽宁省,中国,4,,0,0,2020-01-24
河北省,中国,2,,0,1,2020-01-24
香港,中国,2,,0,0,2020-01-24
重庆市,中国,27,,0,0,2020-01-24
山西省,中国,1,,0,0,2020-01-24
新疆维吾尔自治区,中国,2,,0,0,2020-01-24
安徽省,中国,15,,0,0,2020-01-24
吉林省,中国,3,,0,0,2020-01-24
甘肃省,中国,2,,0,0,2020-01-24
福建省,中国,10,,0,0,2020-01-24
陕西省,中国,5,,0,0,2020-01-24
北京市,中国,36,,1,0,2020-01-24
台湾,中国,1,,0,0,2020-01-24
云南省,中国,5,,0,0,2020-01-24
宁夏回族自治区,中国,2,,0,0,2020-01-24
江西省,中国,7,,0,0,2020-01-24
贵州省,中国,3,,0,0,2020-01-24
天津市,中国,8,,0,0,2020-01-24
海南省,中国,8,,0,0,2020-01-24
澳门,中国,2,,0,0,2020-01-24
青海省,中国,0,,0,0,2020-01-24
浙江省,中国,62,,1,0,2020-01-25
上海市,中国,33,,1,0,2020-01-25
江苏省,中国,18,,1,0,2020-01-25
湖南省,中国,43,,0,0,2020-01-25
广东省,中国,78,,2,0,2020-01-25
河南省,中国,32,,0,0,2020-01-25
内蒙古自治区,中国,7,,0,0,2020-01-25
四川省,中国,28,,0,0,2020-01-25
山东省,中国,27,,0,0,2020-01-25
湖北省,中国,730,,32,39,2020-01-25
广西壮族自治区,中国,23,,0,0,2020-01-25
黑龙江省,中国,9,,0,1,2020-01-25
辽宁省,中国,16,,0,0,2020-01-25
河北省,中国,8,,0,1,2020-01-25
香港,中国,5,,0,0,2020-01-25
重庆市,中国,57,,0,0,2020-01-25
山西省,中国,6,,0,0,2020-01-25
新疆维吾尔自治区,中国,3,,0,0,2020-01-25
安徽省,中国,39,,0,0,2020-01-25
吉林省,中国,4,,0,0,2020-01-25
甘肃省,中国,4,,0,0,2020-01-25
福建省,中国,18,,0,0,2020-01-25
陕西省,中国,15,,0,0,2020-01-25
北京市,中国,41,,2,0,2020-01-25
台湾,中国,3,,0,0,2020-01-25
云南省,中国,11,,0,0,2020-01-25
宁夏回族自治区,中国,3,,0,0,2020-01-25
江西省,中国,18,,0,0,2020-01-25
贵州省,中国,4,,0,0,2020-01-25
天津市,中国,10,,0,0,2020-01-25
海南省,中国,19,,0,0,2020-01-25
青海省,中国,1,,0,0,2020-01-25
浙江省,中国,104,,1,0,2020-01-26
上海市,中国,40,,1,1,2020-01-26
江苏省,中国,33,,1,0,2020-01-26
湖南省,中国,69,,0,0,2020-01-26
广东省,中国,111,,2,0,2020-01-26
河南省,中国,83,,0,1,2020-01-26
内蒙古自治区,中国,7,,0,0,2020-01-26
四川省,中国,44,,0,0,2020-01-26
山东省,中国,46,,0,0,2020-01-26
湖北省,中国,1058,,42,52,2020-01-26
广西壮族自治区,中国,36,,0,0,2020-01-26
黑龙江省,中国,15,,0,1,2020-01-26
辽宁省,中国,21,,0,0,2020-01-26
河北省,中国,13,,0,1,2020-01-26
重庆市,中国,75,,0,0,2020-01-26
山西省,中国,9,,0,0,2020-01-26
新疆维吾尔自治区,中国,4,,0,0,2020-01-26
安徽省,中国,60,,0,0,2020-01-26
甘肃省,中国,7,,0,0,2020-01-26
福建省,中国,35,,0,0,2020-01-26
陕西省,中国,22,,0,0,2020-01-26
北京市,中国,68,,2,0,2020-01-26
台湾,中国,4,,0,0,2020-01-26
云南省,中国,16,,0,0,2020-01-26
宁夏回族自治区,中国,4,,0,0,2020-01-26
江西省,中国,36,,0,0,2020-01-26
贵州省,中国,5,,0,0,2020-01-26
天津市,中国,14,,0,0,2020-01-26
海南省,中国,22,,0,0,2020-01-26
澳门,中国,5,,0,0,2020-01-26
浙江省,中国,128,,1,0,2020-01-27
韩国,韩国,4,,0,0,2020-01-27
上海市,中国,53,,3,1,2020-01-27
江苏省,中国,47,,1,0,2020-01-27
湖南省,中国,100,,0,0,2020-01-27
广东省,中国,151,,3,0,2020-01-27
河南省,中国,128,,0,1,2020-01-27
日本,日本,4,,1,0,2020-01-27
法国,法国,3,,0,0,2020-01-27
美国,美国,5,,0,0,2020-01-27
新加坡,新加坡,4,,0,0,2020-01-27
加拿大,加拿大,1,,0,0,2020-01-27
澳大利亚,澳大利亚,5,,0,0,2020-01-27
泰国,泰国,7,,2,0,2020-01-27
马来西亚,马来西亚,3,,0,0,2020-01-27
越南,越南,2,,0,0,2020-01-27
尼泊尔,尼泊尔,1,,0,0,2020-01-27
柬埔寨,柬埔寨,1,,0,0,2020-01-27
内蒙古自治区,中国,11,,0,0,2020-01-27
四川省,中国,69,,0,0,2020-01-27
山东省,中国,75,,1,0,2020-01-27
湖北省,中国,1423,,47,76,2020-01-27
广西壮族自治区,中国,46,,0,0,2020-01-27
黑龙江省,中国,21,,0,1,2020-01-27
辽宁省,中国,27,,0,0,2020-01-27
河北省,中国,18,,0,1,2020-01-27
香港,中国,8,,0,0,2020-01-27
重庆市,中国,110,,0,0,2020-01-27
山西省,中国,13,,0,0,2020-01-27
新疆维吾尔自治区,中国,5,,0,0,2020-01-27
安徽省,中国,70,,0,0,2020-01-27
吉林省,中国,6,,0,0,2020-01-27
甘肃省,中国,14,,0,0,2020-01-27
福建省,中国,59,,0,0,2020-01-27
陕西省,中国,35,,0,0,2020-01-27
北京市,中国,80,,2,1,2020-01-27
台湾,中国,5,,0,0,2020-01-27
云南省,中国,26,,0,0,2020-01-27
宁夏回族自治区,中国,7,,0,0,2020-01-27
江西省,中国,48,,1,0,2020-01-27
贵州省,中国,7,,0,0,2020-01-27
天津市,中国,22,,0,0,2020-01-27
海南省,中国,33,,0,1,2020-01-27
澳门,中国,6,,0,0,2020-01-27
青海省,中国,6,,0,0,2020-01-27
浙江省,中国,173,,3,0,2020-01-28
上海市,中国,66,,4,1,2020-01-28
江苏省,中国,70,,1,0,2020-01-28
湖南省,中国,143,,0,0,2020-01-28
广东省,中国,207,,4,0,2020-01-28
河南省,中国,168,,0,1,2020-01-28
日本,日本,7,,1,0,2020-01-28
德国,德国,1,,0,0,2020-01-28
新加坡,新加坡,5,,0,0,2020-01-28
泰国,泰国,14,,5,0,2020-01-28
斯里兰卡,斯里兰卡,1,,0,0,2020-01-28
内蒙古自治区,中国,15,,0,0,2020-01-28
四川省,中国,90,,0,0,2020-01-28
山东省,中国,95,,0,0,2020-01-28
湖北省,中国,2714,,52,100,2020-01-28
广西壮族自治区,中国,51,,2,0,2020-01-28
黑龙江省,中国,30,,0,1,2020-01-28
辽宁省,中国,34,,0,0,2020-01-28
河北省,中国,33,,0,1,2020-01-28
重庆市,中国,132,,0,0,2020-01-28
山西省,中国,20,,0,0,2020-01-28
新疆维吾尔自治区,中国,10,,0,0,2020-01-28
安徽省,中国,106,,0,0,2020-01-28
吉林省,中国,8,,0,0,2020-01-28
甘肃省,中国,19,,0,0,2020-01-28
福建省,中国,80,,0,0,2020-01-28
陕西省,中国,46,,0,0,2020-01-28
北京市,中国,91,,4,1,2020-01-28
台湾,中国,8,,0,0,2020-01-28
云南省,中国,44,,0,0,2020-01-28
宁夏回族自治区,中国,11,,0,0,2020-01-28
江西省,中国,72,,3,0,2020-01-28
贵州省,中国,9,,0,0,2020-01-28
天津市,中国,24,,0,0,2020-01-28
海南省,中国,40,,0,1,2020-01-28
澳门,中国,7,,0,0,2020-01-28
浙江省,中国,296,,3,0,2020-01-29
上海市,中国,96,,5,1,2020-01-29
江苏省,中国,99,,1,0,2020-01-29
湖南省,中国,221,,0,0,2020-01-29
广东省,中国,277,,5,0,2020-01-29
河南省,中国,206,,1,2,2020-01-29
法国,法国,4,,0,0,2020-01-29
德国,德国,4,,0,0,2020-01-29
新加坡,新加坡,10,,0,0,2020-01-29
加拿大,加拿大,3,,0,0,2020-01-29
阿联酋,阿联酋,1,,0,0,2020-01-29
澳大利亚,澳大利亚,7,,0,0,2020-01-29
马来西亚,马来西亚,7,,0,0,2020-01-29
内蒙古自治区,中国,16,,0,0,2020-01-29
四川省,中国,108,,1,1,2020-01-29
山东省,中国,130,,1,0,2020-01-29
湖北省,中国,3554,,87,125,2020-01-29
广西壮族自治区,中国,58,,2,0,2020-01-29
黑龙江省,中国,38,,0,1,2020-01-29
辽宁省,中国,39,,1,0,2020-01-29
河北省,中国,48,,0,1,2020-01-29
香港,中国,10,,0,0,2020-01-29
重庆市,中国,147,,1,0,2020-01-29
山西省,中国,27,,1,0,2020-01-29
新疆维吾尔自治区,中国,13,,0,0,2020-01-29
安徽省,中国,152,,2,0,2020-01-29
吉林省,中国,9,,0,0,2020-01-29
甘肃省,中国,24,,0,0,2020-01-29
福建省,中国,84,,0,0,2020-01-29
陕西省,中国,56,,0,0,2020-01-29
北京市,中国,111,,4,1,2020-01-29
云南省,中国,55,,0,0,2020-01-29
宁夏回族自治区,中国,12,,0,0,2020-01-29
江西省,中国,109,,3,0,2020-01-29
贵州省,中国,9,,1,0,2020-01-29
天津市,中国,27,,0,0,2020-01-29
海南省,中国,43,,0,1,2020-01-29
西藏自治区,中国,0,,0,0,2020-01-29
浙江省,中国,428,,4,0,2020-01-30
上海市,中国,112,,5,1,2020-01-30
江苏省,中国,129,,1,0,2020-01-30
湖南省,中国,277,,2,0,2020-01-30
广东省,中国,354,,10,0,2020-01-30
河南省,中国,278,,2,2,2020-01-30
日本,日本,11,,1,0,2020-01-30
法国,法国,5,,0,0,2020-01-30
阿联酋,阿联酋,4,,0,0,2020-01-30
澳大利亚,澳大利亚,8,,2,0,2020-01-30
马来西亚,马来西亚,8,,0,0,2020-01-30
芬兰,芬兰,1,,0,0,2020-01-30
印度,印度,1,,0,0,2020-01-30
内蒙古自治区,中国,18,,0,0,2020-01-30
四川省,中国,142,,1,1,2020-01-30
山东省,中国,158,,1,0,2020-01-30
湖北省,中国,4903,,90,162,2020-01-30
广西壮族自治区,中国,78,,2,0,2020-01-30
黑龙江省,中国,44,,0,2,2020-01-30
辽宁省,中国,41,,1,0,2020-01-30
河北省,中国,65,,0,1,2020-01-30
重庆市,中国,182,,1,0,2020-01-30
山西省,中国,35,,1,0,2020-01-30
新疆维吾尔自治区,中国,14,,0,0,2020-01-30
安徽省,中国,200,,2,0,2020-01-30
吉林省,中国,14,,1,0,2020-01-30
甘肃省,中国,26,,0,0,2020-01-30
福建省,中国,101,,0,0,2020-01-30
陕西省,中国,63,,0,0,2020-01-30
北京市,中国,114,,4,1,2020-01-30
台湾,中国,9,,0,0,2020-01-30
云南省,中国,70,,0,0,2020-01-30
宁夏回族自治区,中国,17,,0,0,2020-01-30
江西省,中国,162,,5,0,2020-01-30
贵州省,中国,12,,1,0,2020-01-30
天津市,中国,31,,0,0,2020-01-30
海南省,中国,46,,1,1,2020-01-30
青海省,中国,8,,0,0,2020-01-30
西藏自治区,中国,1,,0,0,2020-01-30
浙江省,中国,538,,14,0,2020-01-31
韩国,韩国,11,,0,0,2020-01-31
上海市,中国,135,,9,1,2020-01-31
江苏省,中国,168,,5,0,2020-01-31
湖南省,中国,332,,2,0,2020-01-31
广东省,中国,436,,11,0,2020-01-31
河南省,中国,352,,3,2,2020-01-31
意大利,意大利,2,,0,0,2020-01-31
日本,日本,15,,1,0,2020-01-31
德国,德国,5,,0,0,2020-01-31
美国,美国,6,,0,0,2020-01-31
新加坡,新加坡,13,,0,0,2020-01-31
英国,英国,2,,0,0,2020-01-31
澳大利亚,澳大利亚,9,,2,0,2020-01-31
泰国,泰国,19,,5,0,2020-01-31
俄罗斯,俄罗斯,2,,0,0,2020-01-31
内蒙古自治区,中国,20,,1,0,2020-01-31
四川省,中国,177,,1,1,2020-01-31
山东省,中国,184,,2,0,2020-01-31
湖北省,中国,5806,,141,204,2020-01-31
广西壮族自治区,中国,87,,2,0,2020-01-31
黑龙江省,中国,59,,0,2,2020-01-31
辽宁省,中国,48,,1,0,2020-01-31
河北省,中国,82,,0,1,2020-01-31
香港,中国,12,,0,0,2020-01-31
重庆市,中国,211,,1,0,2020-01-31
山西省,中国,39,,1,0,2020-01-31
新疆维吾尔自治区,中国,17,,0,0,2020-01-31
安徽省,中国,237,,3,0,2020-01-31
吉林省,中国,14,,1,0,2020-01-31
甘肃省,中国,29,,0,0,2020-01-31
福建省,中国,120,,0,0,2020-01-31
陕西省,中国,87,,0,0,2020-01-31
北京市,中国,139,,5,1,2020-01-31
台湾,中国,10,,0,0,2020-01-31
云南省,中国,83,,1,0,2020-01-31
宁夏回族自治区,中国,21,,0,0,2020-01-31
江西省,中国,240,,7,0,2020-01-31
贵州省,中国,29,,2,0,2020-01-31
天津市,中国,32,,0,0,2020-01-31
海南省,中国,52,,1,1,2020-01-31
青海省,中国,8,,0,0,2020-01-31
浙江省,中国,599,,21,0,2020-02-01
韩国,韩国,12,,0,0,2020-02-01
上海市,中国,169,,10,1,2020-02-01
江苏省,中国,202,,6,0,2020-02-01
湖南省,中国,389,,8,0,2020-02-01
广东省,中国,535,,14,0,2020-02-01
河南省,中国,422,,3,2,2020-02-01
意大利,意大利,2,,0,0,2020-02-01
日本,日本,20,,1,0,2020-02-01
西班牙,西班牙,7,,0,0,2020-02-01
法国,法国,6,,0,0,2020-02-01
德国,德国,1,,0,0,2020-02-01
美国,美国,6,,0,0,2020-02-01
新加坡,新加坡,16,,0,0,2020-02-01
英国,英国,2,,0,0,2020-02-01
加拿大,加拿大,4,,0,0,2020-02-01
阿联酋,阿联酋,4,,0,0,2020-02-01
澳大利亚,澳大利亚,9,,2,0,2020-02-01
瑞典,瑞典,1,,0,0,2020-02-01
泰国,泰国,19,,5,0,2020-02-01
马来西亚,马来西亚,8,,0,0,2020-02-01
芬兰,芬兰,1,,0,0,2020-02-01
菲律宾,菲律宾,1,,0,0,2020-02-01
越南,越南,6,,1,0,2020-02-01
尼泊尔,尼泊尔,1,,0,0,2020-02-01
柬埔寨,柬埔寨,1,,0,0,2020-02-01
斯里兰卡,斯里兰卡,1,,0,0,2020-02-01
印度,印度,1,,0,0,2020-02-01
俄罗斯,俄罗斯,2,,0,0,2020-02-01
内蒙古自治区,中国,23,,1,0,2020-02-01
四川省,中国,207,,3,1,2020-02-01
山东省,中国,206,,3,0,2020-02-01
湖北省,中国,7153,,168,249,2020-02-01
广西壮族自治区,中国,100,,2,0,2020-02-01
黑龙江省,中国,80,,2,2,2020-02-01
辽宁省,中国,64,,1,0,2020-02-01
河北省,中国,96,,0,1,2020-02-01
香港,中国,13,,0,0,2020-02-01
重庆市,中国,247,,3,1,2020-02-01
山西省,中国,47,,1,0,2020-02-01
新疆维吾尔自治区,中国,18,,0,0,2020-02-01
安徽省,中国,297,,5,0,2020-02-01
吉林省,中国,17,,1,0,2020-02-01
甘肃省,中国,40,,0,0,2020-02-01
福建省,中国,144,,0,0,2020-02-01
陕西省,中国,101,,0,0,2020-02-01
北京市,中国,168,,9,1,2020-02-01
云南省,中国,93,,2,0,2020-02-01
宁夏回族自治区,中国,26,,0,0,2020-02-01
江西省,中国,286,,9,0,2020-02-01
天津市,中国,41,,0,0,2020-02-01
海南省,中国,62,,1,1,2020-02-01
青海省,中国,9,,0,0,2020-02-01
浙江省,中国,661,,32,0,2020-02-02
韩国,韩国,15,,0,0,2020-02-02
上海市,中国,182,,10,1,2020-02-02
江苏省,中国,236,,7,0,2020-02-02
湖南省,中国,463,,16,0,2020-02-02
广东省,中国,632,,15,0,2020-02-02
河南省,中国,493,,10,2,2020-02-02
德国,德国,10,,0,0,2020-02-02
美国,美国,8,,0,0,2020-02-02
新加坡,新加坡,18,,0,0,2020-02-02
阿联酋,阿联酋,5,,0,0,2020-02-02
澳大利亚,澳大利亚,12,,2,0,2020-02-02
菲律宾,菲律宾,2,,0,1,2020-02-02
印度,印度,2,,0,0,2020-02-02
内蒙古自治区,中国,27,,1,0,2020-02-02
四川省,中国,231,,11,1,2020-02-02
山东省,中国,230,,6,0,2020-02-02
湖北省,中国,9074,,267,294,2020-02-02
广西壮族自治区,中国,111,,2,0,2020-02-02
黑龙江省,中国,95,,2,2,2020-02-02
辽宁省,中国,70,,1,0,2020-02-02
河北省,中国,104,,3,1,2020-02-02
香港,中国,14,,0,0,2020-02-02
重庆市,中国,275,,7,1,2020-02-02
山西省,中国,56,,2,0,2020-02-02
新疆维吾尔自治区,中国,21,,0,0,2020-02-02
安徽省,中国,340,,7,0,2020-02-02
吉林省,中国,23,,1,0,2020-02-02
甘肃省,中国,40,,3,0,2020-02-02
福建省,中国,159,,0,0,2020-02-02
陕西省,中国,116,,0,0,2020-02-02
北京市,中国,191,,9,1,2020-02-02
云南省,中国,105,,3,0,2020-02-02
宁夏回族自治区,中国,28,,0,0,2020-02-02
江西省,中国,333,,12,0,2020-02-02
贵州省,中国,38,,2,0,2020-02-02
天津市,中国,48,,1,0,2020-02-02
海南省,中国,64,,4,1,2020-02-02
澳门,中国,8,,0,0,2020-02-02
青海省,中国,11,,0,0,2020-02-02
西藏自治区,中国,1,,0,0,2020-02-02
浙江省,中国,724,,43,0,2020-02-03
上海市,中国,203,,10,1,2020-02-03
江苏省,中国,271,,8,0,2020-02-03
湖南省,中国,521,,22,0,2020-02-03
广东省,中国,725,,21,0,2020-02-03
河南省,中国,566,,16,2,2020-02-03
美国,美国,9,,0,0,2020-02-03
内蒙古自治区,中国,34,,1,0,2020-02-03
四川省,中国,254,,14,1,2020-02-03
山东省,中国,259,,7,0,2020-02-03
湖北省,中国,11177,,300,350,2020-02-03
广西壮族自治区,中国,127,,7,0,2020-02-03
黑龙江省,中国,121,,2,2,2020-02-03
辽宁省,中国,74,,1,0,2020-02-03
河北省,中国,113,,3,1,2020-02-03
香港,中国,15,,0,0,2020-02-03
重庆市,中国,312,,8,2,2020-02-03
山西省,中国,66,,2,0,2020-02-03
新疆维吾尔自治区,中国,24,,0,0,2020-02-03
安徽省,中国,408,,14,0,2020-02-03
吉林省,中国,31,,1,0,2020-02-03
甘肃省,中国,51,,3,0,2020-02-03
福建省,中国,179,,1,0,2020-02-03
陕西省,中国,128,,0,0,2020-02-03
北京市,中国,212,,12,1,2020-02-03
云南省,中国,114,,5,0,2020-02-03
宁夏回族自治区,中国,31,,1,0,2020-02-03
江西省,中国,391,,18,0,2020-02-03
贵州省,中国,46,,2,0,2020-02-03
天津市,中国,60,,1,0,2020-02-03
海南省,中国,72,,4,1,2020-02-03
青海省,中国,13,,0,0,2020-02-03
浙江省,中国,829,,62,0,2020-02-04
韩国,韩国,16,,0,0,2020-02-04
上海市,中国,219,,12,1,2020-02-04
江苏省,中国,308,,12,0,2020-02-04
湖南省,中国,593,,31,0,2020-02-04
广东省,中国,813,,30,0,2020-02-04
河南省,中国,675,,27,2,2020-02-04
德国,德国,12,,0,0,2020-02-04
美国,美国,11,,0,0,2020-02-04
新加坡,新加坡,24,,0,0,2020-02-04
澳大利亚,澳大利亚,13,,2,0,2020-02-04
泰国,泰国,25,,5,0,2020-02-04
马来西亚,马来西亚,10,,0,0,2020-02-04
比利时,比利时,1,,0,0,2020-02-04
越南,越南,10,,1,0,2020-02-04
印度,印度,3,,0,0,2020-02-04
内蒙古自治区,中国,35,,1,0,2020-02-04
四川省,中国,282,,14,1,2020-02-04
山东省,中国,275,,11,0,2020-02-04
湖北省,中国,13522,,397,414,2020-02-04
广西壮族自治区,中国,139,,10,0,2020-02-04
黑龙江省,中国,155,,4,2,2020-02-04
辽宁省,中国,81,,2,0,2020-02-04
河北省,中国,126,,4,1,2020-02-04
香港,中国,17,,0,1,2020-02-04
重庆市,中国,344,,9,2,2020-02-04
山西省,中国,74,,4,0,2020-02-04
新疆维吾尔自治区,中国,29,,0,0,2020-02-04
安徽省,中国,480,,20,0,2020-02-04
吉林省,中国,42,,1,0,2020-02-04
甘肃省,中国,57,,4,0,2020-02-04
福建省,中国,194,,3,0,2020-02-04
陕西省,中国,142,,2,0,2020-02-04
北京市,中国,228,,23,1,2020-02-04
台湾,中国,11,,0,0,2020-02-04
云南省,中国,119,,5,0,2020-02-04
宁夏回族自治区,中国,34,,1,0,2020-02-04
江西省,中国,476,,20,0,2020-02-04
贵州省,中国,58,,2,0,2020-02-04
天津市,中国,67,,2,0,2020-02-04
海南省,中国,80,,5,1,2020-02-04
澳门,中国,10,,0,0,2020-02-04
青海省,中国,15,,0,0,2020-02-04
西藏自治区,中国,1,,0,0,2020-02-04
浙江省,中国,895,,78,0,2020-02-05
韩国,韩国,19,,0,0,2020-02-05
上海市,中国,243,,15,1,2020-02-05
江苏省,中国,341,,23,0,2020-02-05
湖南省,中国,661,,54,0,2020-02-05
广东省,中国,895,,49,0,2020-02-05
河南省,中国,764,,47,2,2020-02-05
日本,日本,35,,1,0,2020-02-05
加拿大,加拿大,5,,0,0,2020-02-05
马来西亚,马来西亚,12,,0,0,2020-02-05
内蒙古自治区,中国,42,,3,0,2020-02-05
四川省,中国,301,,24,1,2020-02-05
山东省,中国,307,,15,0,2020-02-05
湖北省,中国,16678,,536,479,2020-02-05
广西壮族自治区,中国,150,,13,0,2020-02-05
黑龙江省,中国,190,,7,2,2020-02-05
辽宁省,中国,89,,4,0,2020-02-05
河北省,中国,135,,6,1,2020-02-05
香港,中国,21,,0,1,2020-02-05
重庆市,中国,376,,15,2,2020-02-05
山西省,中国,81,,5,0,2020-02-05
新疆维吾尔自治区,中国,32,,0,0,2020-02-05
安徽省,中国,530,,23,0,2020-02-05
吉林省,中国,54,,2,0,2020-02-05
甘肃省,中国,57,,6,0,2020-02-05
福建省,中国,205,,11,0,2020-02-05
陕西省,中国,165,,6,0,2020-02-05
北京市,中国,253,,24,1,2020-02-05
云南省,中国,124,,5,0,2020-02-05
江西省,中国,548,,27,0,2020-02-05
贵州省,中国,64,,9,1,2020-02-05
天津市,中国,69,,2,1,2020-02-05
海南省,中国,91,,5,1,2020-02-05
青海省,中国,17,,3,0,2020-02-05
浙江省,中国,954,,94,0,2020-02-06
韩国,韩国,23,,0,0,2020-02-06
上海市,中国,257,,25,1,2020-02-06
江苏省,中国,373,,34,0,2020-02-06
湖南省,中国,711,,81,0,2020-02-06
广东省,中国,970,,69,0,2020-02-06
河南省,中国,851,,56,2,2020-02-06
日本,日本,45,,1,0,2020-02-06
美国,美国,12,,0,0,2020-02-06
新加坡,新加坡,28,,0,0,2020-02-06
澳大利亚,澳大利亚,14,,2,0,2020-02-06
内蒙古自治区,中国,46,,4,0,2020-02-06
四川省,中国,321,,31,1,2020-02-06
山东省,中国,347,,27,0,2020-02-06
湖北省,中国,19665,,712,549,2020-02-06
广西壮族自治区,中国,168,,14,0,2020-02-06
黑龙江省,中国,227,,8,3,2020-02-06
辽宁省,中国,94,,5,0,2020-02-06
河北省,中国,157,,13,1,2020-02-06
香港,中国,24,,0,1,2020-02-06
重庆市,中国,400,,24,2,2020-02-06
山西省,中国,90,,12,0,2020-02-06
新疆维吾尔自治区,中国,36,,0,0,2020-02-06
安徽省,中国,591,,34,0,2020-02-06
吉林省,中国,59,,4,0,2020-02-06
甘肃省,中国,62,,6,0,2020-02-06
福建省,中国,215,,14,0,2020-02-06
陕西省,中国,173,,9,0,2020-02-06
北京市,中国,274,,31,1,2020-02-06
台湾,中国,16,,1,0,2020-02-06
云南省,中国,133,,7,0,2020-02-06
宁夏回族自治区,中国,40,,1,0,2020-02-06
江西省,中国,600,,37,0,2020-02-06
贵州省,中国,71,,6,1,2020-02-06
天津市,中国,78,,2,1,2020-02-06
海南省,中国,106,,8,1,2020-02-06
澳门,中国,10,,1,0,2020-02-06
青海省,中国,18,,3,0,2020-02-06
浙江省,中国,1006,,123,0,2020-02-07
韩国,韩国,24,,1,0,2020-02-07
上海市,中国,277,,30,1,2020-02-07
江苏省,中国,408,,43,0,2020-02-07
湖南省,中国,772,,112,0,2020-02-07
广东省,中国,1034,,88,1,2020-02-07
河南省,中国,914,,86,3,2020-02-07
日本,日本,86,,1,0,2020-02-07
新加坡,新加坡,30,,0,0,2020-02-07
澳大利亚,澳大利亚,15,,2,0,2020-02-07
马来西亚,马来西亚,12,,1,0,2020-02-07
内蒙古自治区,中国,50,,5,0,2020-02-07
四川省,中国,344,,42,1,2020-02-07
山东省,中国,386,,37,0,2020-02-07
湖北省,中国,22112,,867,618,2020-02-07
广西壮族自治区,中国,172,,17,0,2020-02-07
黑龙江省,中国,277,,12,3,2020-02-07
辽宁省,中国,99,,7,0,2020-02-07
河北省,中国,172,,22,1,2020-02-07
香港,中国,25,,0,1,2020-02-07
重庆市,中国,415,,31,2,2020-02-07
山西省,中国,96,,15,0,2020-02-07
新疆维吾尔自治区,中国,39,,0,0,2020-02-07
安徽省,中国,665,,47,0,2020-02-07
吉林省,中国,65,,4,1,2020-02-07
甘肃省,中国,67,,9,0,2020-02-07
福建省,中国,224,,20,0,2020-02-07
陕西省,中国,184,,17,0,2020-02-07
北京市,中国,297,,33,1,2020-02-07
云南省,中国,136,,13,0,2020-02-07
宁夏回族自治区,中国,43,,5,0,2020-02-07
江西省,中国,661,,45,0,2020-02-07
贵州省,中国,81,,6,1,2020-02-07
天津市,中国,81,,2,1,2020-02-07
海南省,中国,117,,10,2,2020-02-07
浙江省,中国,1048,,175,0,2020-02-08
上海市,中国,286,,41,1,2020-02-08
江苏省,中国,439,,51,0,2020-02-08
湖南省,中国,803,,156,1,2020-02-08
广东省,中国,1095,,112,1,2020-02-08
河南省,中国,981,,116,4,2020-02-08
意大利,意大利,3,,0,0,2020-02-08
日本,日本,89,,1,0,2020-02-08
法国,法国,11,,0,0,2020-02-08
德国,德国,14,,0,0,2020-02-08
新加坡,新加坡,33,,2,0,2020-02-08
英国,英国,3,,0,0,2020-02-08
阿联酋,阿联酋,7,,0,0,2020-02-08
澳大利亚,澳大利亚,15,,3,0,2020-02-08
泰国,泰国,32,,10,0,2020-02-08
马来西亚,马来西亚,16,,1,0,2020-02-08
菲律宾,菲律宾,3,,0,1,2020-02-08
越南,越南,13,,1,0,2020-02-08
内蒙古自治区,中国,52,,5,0,2020-02-08
四川省,中国,364,,60,1,2020-02-08
山东省,中国,416,,44,0,2020-02-08
湖北省,中国,24953,,1218,699,2020-02-08
广西壮族自治区,中国,183,,17,0,2020-02-08
黑龙江省,中国,295,,13,5,2020-02-08
辽宁省,中国,105,,8,0,2020-02-08
河北省,中国,195,,30,1,2020-02-08
香港,中国,26,,0,1,2020-02-08
重庆市,中国,428,,39,2,2020-02-08
山西省,中国,104,,20,0,2020-02-08
新疆维吾尔自治区,中国,42,,0,0,2020-02-08
安徽省,中国,733,,59,0,2020-02-08
吉林省,中国,69,,4,1,2020-02-08
甘肃省,中国,79,,12,1,2020-02-08
福建省,中国,239,,24,0,2020-02-08
陕西省,中国,195,,20,0,2020-02-08
北京市,中国,315,,34,2,2020-02-08
台湾,中国,17,,1,0,2020-02-08
云南省,中国,138,,17,0,2020-02-08
宁夏回族自治区,中国,45,,15,0,2020-02-08
江西省,中国,698,,55,0,2020-02-08
贵州省,中国,89,,7,1,2020-02-08
天津市,中国,88,,4,1,2020-02-08
海南省,中国,124,,14,2,2020-02-08
浙江省,中国,1075,,201,0,2020-02-09
韩国,韩国,25,,3,0,2020-02-09
上海市,中国,293,,44,1,2020-02-09
江苏省,中国,468,,71,0,2020-02-09
湖南省,中国,838,,186,1,2020-02-09
广东省,中国,1131,,141,1,2020-02-09
河南省,中国,1033,,153,6,2020-02-09
新加坡,新加坡,40,,2,0,2020-02-09
加拿大,加拿大,7,,0,0,2020-02-09
内蒙古自治区,中国,54,,5,0,2020-02-09
四川省,中国,386,,71,1,2020-02-09
山东省,中国,444,,63,1,2020-02-09
湖北省,中国,27100,,1480,780,2020-02-09
广西壮族自治区,中国,195,,18,1,2020-02-09
黑龙江省,中国,307,,14,6,2020-02-09
辽宁省,中国,107,,12,0,2020-02-09
河北省,中国,206,,34,2,2020-02-09
香港,中国,29,,0,1,2020-02-09
重庆市,中国,450,,50,2,2020-02-09
山西省,中国,115,,22,0,2020-02-09
新疆维吾尔自治区,中国,45,,0,0,2020-02-09
安徽省,中国,779,,72,1,2020-02-09
吉林省,中国,78,,12,1,2020-02-09
甘肃省,中国,79,,15,1,2020-02-09
福建省,中国,250,,35,0,2020-02-09
陕西省,中国,208,,25,0,2020-02-09
北京市,中国,326,,37,2,2020-02-09
台湾,中国,18,,1,0,2020-02-09
云南省,中国,141,,18,0,2020-02-09
宁夏回族自治区,中国,45,,13,0,2020-02-09
江西省,中国,740,,74,0,2020-02-09
贵州省,中国,99,,7,1,2020-02-09
天津市,中国,90,,4,1,2020-02-09
海南省,中国,131,,19,3,2020-02-09
浙江省,中国,1092,,242,0,2020-02-10
韩国,韩国,27,,3,0,2020-02-10
上海市,中国,299,,48,1,2020-02-10
江苏省,中国,492,,81,0,2020-02-10
湖南省,中国,879,,208,1,2020-02-10
广东省,中国,1159,,167,1,2020-02-10
河南省,中国,1073,,191,6,2020-02-10
意大利,意大利,3,,0,0,2020-02-10
日本,日本,156,,4,0,2020-02-10
西班牙,西班牙,2,,0,0,2020-02-10
法国,法国,11,,0,0,2020-02-10
德国,德国,14,,0,0,2020-02-10
美国,美国,12,,0,0,2020-02-10
新加坡,新加坡,43,,2,0,2020-02-10
英国,英国,3,,0,0,2020-02-10
加拿大,加拿大,7,,0,0,2020-02-10
阿联酋,阿联酋,7,,0,0,2020-02-10
澳大利亚,澳大利亚,15,,3,0,2020-02-10
瑞典,瑞典,1,,0,0,2020-02-10
泰国,泰国,32,,10,0,2020-02-10
马来西亚,马来西亚,18,,1,0,2020-02-10
芬兰,芬兰,1,,0,0,2020-02-10
菲律宾,菲律宾,3,,0,1,2020-02-10
比利时,比利时,1,,0,0,2020-02-10
越南,越南,14,,1,0,2020-02-10
尼泊尔,尼泊尔,1,,0,0,2020-02-10
柬埔寨,柬埔寨,1,,0,0,2020-02-10
斯里兰卡,斯里兰卡,1,,0,0,2020-02-10
印度,印度,3,,0,0,2020-02-10
俄罗斯,俄罗斯,2,,0,0,2020-02-10
内蒙古自治区,中国,58,,5,0,2020-02-10
四川省,中国,405,,80,1,2020-02-10
山东省,中国,466,,66,1,2020-02-10
湖北省,中国,29631,,1854,871,2020-02-10
广西壮族自治区,中国,210,,24,1,2020-02-10
黑龙江省,中国,331,,30,7,2020-02-10
辽宁省,中国,108,,13,0,2020-02-10
河北省,中国,218,,41,2,2020-02-10
香港,中国,38,,0,1,2020-02-10
重庆市,中国,473,,66,2,2020-02-10
山西省,中国,119,,25,0,2020-02-10
新疆维吾尔自治区,中国,49,,0,0,2020-02-10
安徽省,中国,830,,88,3,2020-02-10
吉林省,中国,80,,13,1,2020-02-10
甘肃省,中国,83,,17,2,2020-02-10
福建省,中国,261,,39,0,2020-02-10
陕西省,中国,213,,30,0,2020-02-10
北京市,中国,337,,44,2,2020-02-10
云南省,中国,149,,19,0,2020-02-10
宁夏回族自治区,中国,49,,13,0,2020-02-10
江西省,中国,771,,105,1,2020-02-10
贵州省,中国,109,,10,1,2020-02-10
天津市,中国,95,,8,1,2020-02-10
海南省,中国,138,,19,3,2020-02-10
浙江省,中国,1117,,270,0,2020-02-11
韩国,韩国,28,,3,0,2020-02-11
上海市,中国,303,,52,1,2020-02-11
江苏省,中国,515,,93,0,2020-02-11
湖南省,中国,912,,247,1,2020-02-11
广东省,中国,1177,,212,1,2020-02-11
河南省,中国,1105,,218,7,2020-02-11
意大利,意大利,3,,0,0,2020-02-11
日本,日本,161,,9,0,2020-02-11
西班牙,西班牙,2,,0,0,2020-02-11
法国,法国,11,,0,0,2020-02-11
德国,德国,14,,0,0,2020-02-11
美国,美国,13,,0,0,2020-02-11
新加坡,新加坡,45,,7,0,2020-02-11
英国,英国,8,,0,0,2020-02-11
加拿大,加拿大,7,,0,0,2020-02-11
阿联酋,阿联酋,8,,0,0,2020-02-11
澳大利亚,澳大利亚,15,,3,0,2020-02-11
瑞典,瑞典,1,,0,0,2020-02-11
泰国,泰国,32,,10,0,2020-02-11
马来西亚,马来西亚,18,,3,0,2020-02-11
芬兰,芬兰,1,,0,0,2020-02-11
菲律宾,菲律宾,3,,0,1,2020-02-11
比利时,比利时,1,,0,0,2020-02-11
越南,越南,15,,1,0,2020-02-11
尼泊尔,尼泊尔,1,,0,0,2020-02-11
柬埔寨,柬埔寨,1,,0,0,2020-02-11
斯里兰卡,斯里兰卡,1,,0,0,2020-02-11
印度,印度,3,,0,0,2020-02-11
俄罗斯,俄罗斯,2,,0,0,2020-02-11
四川省,中国,417,,85,1,2020-02-11
山东省,中国,487,,80,1,2020-02-11
湖北省,中国,31728,,2310,974,2020-02-11
广西壮族自治区,中国,215,,33,1,2020-02-11
黑龙江省,中国,360,,28,8,2020-02-11
辽宁省,中国,111,,19,0,2020-02-11
河北省,中国,239,,48,2,2020-02-11
香港,中国,49,,0,1,2020-02-11
重庆市,中国,489,,72,2,2020-02-11
山西省,中国,122,,30,0,2020-02-11
新疆维吾尔自治区,中国,55,,3,0,2020-02-11
安徽省,中国,860,,105,4,2020-02-11
吉林省,中国,81,,18,1,2020-02-11
甘肃省,中国,86,,24,2,2020-02-11
福建省,中国,267,,45,0,2020-02-11
陕西省,中国,219,,32,0,2020-02-11
北京市,中国,342,,48,3,2020-02-11
云南省,中国,153,,20,0,2020-02-11
宁夏回族自治区,中国,53,,22,0,2020-02-11
江西省,中国,804,,128,1,2020-02-11
贵州省,中国,127,,17,1,2020-02-11
天津市,中国,105,,10,2,2020-02-11
海南省,中国,144,,20,3,2020-02-11
青海省,中国,18,,5,0,2020-02-11
浙江省,中国,1131,,321,0,2020-02-12
韩国,韩国,28,,4,0,2020-02-12
上海市,中国,311,,57,1,2020-02-12
江苏省,中国,543,,125,0,2020-02-12
湖南省,中国,946,,304,2,2020-02-12
广东省,中国,1219,,275,1,2020-02-12
河南省,中国,1135,,246,8,2020-02-12
意大利,意大利,3,,0,0,2020-02-12
日本,日本,203,,9,0,2020-02-12
西班牙,西班牙,2,,0,0,2020-02-12
法国,法国,11,,0,0,2020-02-12
德国,德国,16,,0,0,2020-02-12
美国,美国,13,,3,0,2020-02-12
新加坡,新加坡,47,,9,0,2020-02-12
英国,英国,8,,0,0,2020-02-12
加拿大,加拿大,7,,0,0,2020-02-12
阿联酋,阿联酋,8,,1,0,2020-02-12
澳大利亚,澳大利亚,15,,5,0,2020-02-12
瑞典,瑞典,1,,0,0,2020-02-12
泰国,泰国,33,,10,0,2020-02-12
马来西亚,马来西亚,18,,3,0,2020-02-12
芬兰,芬兰,1,,1,0,2020-02-12
菲律宾,菲律宾,3,,1,1,2020-02-12
比利时,比利时,1,,0,0,2020-02-12
越南,越南,15,,3,0,2020-02-12
尼泊尔,尼泊尔,1,,0,0,2020-02-12
柬埔寨,柬埔寨,1,,1,0,2020-02-12
斯里兰卡,斯里兰卡,1,,0,0,2020-02-12
印度,印度,3,,0,0,2020-02-12
俄罗斯,俄罗斯,2,,0,0,2020-02-12
内蒙古自治区,中国,60,,6,0,2020-02-12
四川省,中国,436,,92,1,2020-02-12
山东省,中国,497,,92,2,2020-02-12
湖北省,中国,33366,,2686,1068,2020-02-12
广西壮族自治区,中国,222,,32,1,2020-02-12
黑龙江省,中国,378,,31,8,2020-02-12
辽宁省,中国,116,,20,1,2020-02-12
河北省,中国,251,,54,2,2020-02-12
香港,中国,50,,1,1,2020-02-12
重庆市,中国,509,,87,3,2020-02-12
山西省,中国,124,,33,0,2020-02-12
新疆维吾尔自治区,中国,59,,3,0,2020-02-12
安徽省,中国,889,,127,4,2020-02-12
吉林省,中国,83,,22,1,2020-02-12
甘肃省,中国,86,,29,2,2020-02-12
福建省,中国,272,,53,0,2020-02-12
陕西省,中国,225,,43,0,2020-02-12
北京市,中国,352,,56,3,2020-02-12
云南省,中国,154,,26,0,2020-02-12
宁夏回族自治区,中国,58,,24,0,2020-02-12
江西省,中国,844,,152,1,2020-02-12
贵州省,中国,133,,18,1,2020-02-12
天津市,中国,112,,11,2,2020-02-12
海南省,中国,157,,27,3,2020-02-12
澳门,中国,10,,2,0,2020-02-12
青海省,中国,18,,9,0,2020-02-12
西藏自治区,中国,1,,1,0,2020-02-12
浙江省,中国,1145,,360,0,2020-02-13
韩国,韩国,28,,7,0,2020-02-13
上海市,中国,315,,62,1,2020-02-13
江苏省,中国,570,,139,0,2020-02-13
湖南省,中国,968,,339,2,2020-02-13
广东省,中国,1241,,314,2,2020-02-13
河南省,中国,1169,,296,10,2020-02-13
意大利,意大利,3,,0,0,2020-02-13
日本,日本,247,,9,1,2020-02-13
西班牙,西班牙,2,,0,0,2020-02-13
法国,法国,11,,0,0,2020-02-13
德国,德国,16,,1,0,2020-02-13
美国,美国,14,,3,0,2020-02-13
新加坡,新加坡,58,,15,0,2020-02-13
英国,英国,9,,0,0,2020-02-13
加拿大,加拿大,7,,2,0,2020-02-13
阿联酋,阿联酋,8,,1,0,2020-02-13
澳大利亚,澳大利亚,15,,5,0,2020-02-13
瑞典,瑞典,1,,0,0,2020-02-13
泰国,泰国,33,,10,0,2020-02-13
马来西亚,马来西亚,19,,3,0,2020-02-13
芬兰,芬兰,1,,1,0,2020-02-13
菲律宾,菲律宾,3,,1,1,2020-02-13
比利时,比利时,1,,0,0,2020-02-13
越南,越南,16,,3,0,2020-02-13
尼泊尔,尼泊尔,1,,0,0,2020-02-13
柬埔寨,柬埔寨,1,,1,0,2020-02-13
斯里兰卡,斯里兰卡,1,,0,0,2020-02-13
印度,印度,3,,0,0,2020-02-13
俄罗斯,俄罗斯,2,,0,0,2020-02-13
内蒙古自治区,中国,61,,6,0,2020-02-13
四川省,中国,451,,104,1,2020-02-13
山东省,中国,509,,105,2,2020-02-13
湖北省,中国,48206,,3459,1310,2020-02-13
广西壮族自治区,中国,222,,33,2,2020-02-13
黑龙江省,中国,395,,33,9,2020-02-13
辽宁省,中国,117,,22,1,2020-02-13
河北省,中国,265,,68,3,2020-02-13
香港,中国,53,,1,1,2020-02-13
重庆市,中国,525,,128,3,2020-02-13
山西省,中国,126,,33,0,2020-02-13
新疆维吾尔自治区,中国,63,,6,1,2020-02-13
安徽省,中国,910,,157,5,2020-02-13
吉林省,中国,84,,24,1,2020-02-13
甘肃省,中国,90,,39,2,2020-02-13
福建省,中国,279,,57,0,2020-02-13
陕西省,中国,229,,46,0,2020-02-13
北京市,中国,366,,69,3,2020-02-13
台湾,中国,18,,1,0,2020-02-13
云南省,中国,156,,27,0,2020-02-13
宁夏回族自治区,中国,64,,24,0,2020-02-13
江西省,中国,872,,170,1,2020-02-13
贵州省,中国,135,,27,1,2020-02-13
天津市,中国,117,,21,3,2020-02-13
海南省,中国,157,,30,4,2020-02-13
澳门,中国,10,,3,0,2020-02-13
青海省,中国,18,,11,0,2020-02-13
西藏自治区,中国,1,,1,0,2020-02-13
浙江省,中国,1155,,403,0,2020-02-14
韩国,韩国,28,,7,0,2020-02-14
上海市,中国,318,,90,1,2020-02-14
江苏省,中国,593,,157,0,2020-02-14
湖南省,中国,988,,364,2,2020-02-14
广东省,中国,1261,,362,2,2020-02-14
河南省,中国,1184,,357,11,2020-02-14
意大利,意大利,3,,0,0,2020-02-14
日本,日本,253,,9,1,2020-02-14
西班牙,西班牙,2,,0,0,2020-02-14
法国,法国,11,,0,0,2020-02-14
德国,德国,16,,1,0,2020-02-14
美国,美国,15,,3,0,2020-02-14
新加坡,新加坡,67,,17,0,2020-02-14
英国,英国,9,,0,0,2020-02-14
加拿大,加拿大,7,,2,0,2020-02-14
阿联酋,阿联酋,8,,1,0,2020-02-14
澳大利亚,澳大利亚,15,,5,0,2020-02-14
瑞典,瑞典,1,,0,0,2020-02-14
泰国,泰国,33,,10,0,2020-02-14
马来西亚,马来西亚,19,,3,0,2020-02-14
芬兰,芬兰,1,,1,0,2020-02-14
菲律宾,菲律宾,3,,1,1,2020-02-14
比利时,比利时,1,,0,0,2020-02-14
越南,越南,16,,7,0,2020-02-14
尼泊尔,尼泊尔,1,,0,0,2020-02-14
柬埔寨,柬埔寨,1,,1,0,2020-02-14
斯里兰卡,斯里兰卡,1,,0,0,2020-02-14
印度,印度,3,,0,0,2020-02-14
俄罗斯,俄罗斯,2,,2,0,2020-02-14
内蒙古自治区,中国,65,,6,0,2020-02-14
四川省,中国,463,,114,1,2020-02-14
山东省,中国,523,,136,2,2020-02-14
湖北省,中国,51986,,3900,1318,2020-02-14
广西壮族自治区,中国,226,,36,2,2020-02-14
黑龙江省,中国,419,,47,11,2020-02-14
辽宁省,中国,119,,29,1,2020-02-14
河北省,中国,283,,87,3,2020-02-14
香港,中国,56,,1,1,2020-02-14
重庆市,中国,532,,139,5,2020-02-14
山西省,中国,126,,38,0,2020-02-14
新疆维吾尔自治区,中国,65,,6,1,2020-02-14
安徽省,中国,934,,193,6,2020-02-14
吉林省,中国,86,,25,1,2020-02-14
福建省,中国,281,,63,0,2020-02-14
陕西省,中国,230,,54,0,2020-02-14
北京市,中国,372,,80,3,2020-02-14
台湾,中国,18,,2,0,2020-02-14
云南省,中国,162,,36,0,2020-02-14
宁夏回族自治区,中国,67,,24,0,2020-02-14
江西省,中国,900,,187,1,2020-02-14
贵州省,中国,140,,28,1,2020-02-14
天津市,中国,120,,31,3,2020-02-14
海南省,中国,159,,43,4,2020-02-14
浙江省,中国,1162,,428,0,2020-02-15
韩国,韩国,28,,7,0,2020-02-15
上海市,中国,326,,124,1,2020-02-15
江苏省,中国,604,,186,0,2020-02-15
湖南省,中国,1001,,425,2,2020-02-15
广东省,中国,1294,,410,2,2020-02-15
河南省,中国,1212,,391,13,2020-02-15
意大利,意大利,3,,0,0,2020-02-15
日本,日本,326,,12,1,2020-02-15
西班牙,西班牙,2,,0,0,2020-02-15
法国,法国,11,,0,1,2020-02-15
德国,德国,16,,1,0,2020-02-15
美国,美国,15,,3,0,2020-02-15
新加坡,新加坡,72,,17,0,2020-02-15
英国,英国,9,,0,0,2020-02-15
加拿大,加拿大,8,,2,0,2020-02-15
阿联酋,阿联酋,8,,3,0,2020-02-15
澳大利亚,澳大利亚,15,,5,0,2020-02-15
瑞典,瑞典,1,,0,0,2020-02-15
泰国,泰国,33,,13,0,2020-02-15
马来西亚,马来西亚,19,,3,0,2020-02-15
芬兰,芬兰,1,,1,0,2020-02-15
菲律宾,菲律宾,3,,1,1,2020-02-15
比利时,比利时,1,,0,0,2020-02-15
埃及,埃及,1,,0,0,2020-02-15
越南,越南,16,,7,0,2020-02-15
尼泊尔,尼泊尔,1,,0,0,2020-02-15
柬埔寨,柬埔寨,1,,1,0,2020-02-15
斯里兰卡,斯里兰卡,1,,0,0,2020-02-15
印度,印度,3,,0,0,2020-02-15
俄罗斯,俄罗斯,2,,2,0,2020-02-15
内蒙古自治区,中国,68,,7,0,2020-02-15
四川省,中国,470,,119,1,2020-02-15
山东省,中国,532,,156,2,2020-02-15
湖北省,中国,54406,,4821,1457,2020-02-15
广西壮族自治区,中国,235,,44,2,2020-02-15
黑龙江省,中国,425,,68,11,2020-02-15
辽宁省,中国,119,,31,1,2020-02-15
河北省,中国,291,,101,3,2020-02-15
重庆市,中国,538,,184,5,2020-02-15
山西省,中国,127,,42,0,2020-02-15
新疆维吾尔自治区,中国,70,,10,1,2020-02-15
安徽省,中国,950,,221,6,2020-02-15
吉林省,中国,88,,26,1,2020-02-15
甘肃省,中国,90,,49,2,2020-02-15
福建省,中国,285,,71,0,2020-02-15
陕西省,中国,232,,60,0,2020-02-15
北京市,中国,375,,98,4,2020-02-15
云南省,中国,168,,42,0,2020-02-15
宁夏回族自治区,中国,70,,33,0,2020-02-15
江西省,中国,913,,210,1,2020-02-15
贵州省,中国,143,,41,1,2020-02-15
天津市,中国,122,,37,3,2020-02-15
海南省,中国,162,,39,4,2020-02-15
青海省,中国,18,,13,0,2020-02-15
浙江省,中国,1167,,456,0,2020-02-16
韩国,韩国,29,,9,0,2020-02-16
上海市,中国,328,,140,1,2020-02-16
江苏省,中国,617,,218,0,2020-02-16
湖南省,中国,1004,,464,3,2020-02-16
广东省,中国,1316,,465,2,2020-02-16
河南省,中国,1231,,440,13,2020-02-16
意大利,意大利,3,,0,0,2020-02-16
钻石公主号邮轮,钻石公主号邮轮,355,,0,0,2020-02-16
日本,日本,62,,12,1,2020-02-16
西班牙,西班牙,2,,0,0,2020-02-16
法国,法国,12,,4,1,2020-02-16
德国,德国,16,,1,0,2020-02-16
美国,美国,15,,3,0,2020-02-16
新加坡,新加坡,72,,18,0,2020-02-16
英国,英国,9,,8,0,2020-02-16
加拿大,加拿大,8,,2,0,2020-02-16
阿联酋,阿联酋,8,,4,0,2020-02-16
澳大利亚,澳大利亚,15,,10,0,2020-02-16
瑞典,瑞典,1,,0,0,2020-02-16
泰国,泰国,34,,14,0,2020-02-16
马来西亚,马来西亚,22,,7,0,2020-02-16
芬兰,芬兰,1,,1,0,2020-02-16
菲律宾,菲律宾,3,,1,1,2020-02-16
比利时,比利时,1,,0,0,2020-02-16
埃及,埃及,1,,0,0,2020-02-16
越南,越南,16,,7,0,2020-02-16
尼泊尔,尼泊尔,1,,0,0,2020-02-16
柬埔寨,柬埔寨,1,,1,0,2020-02-16
斯里兰卡,斯里兰卡,1,,0,0,2020-02-16
印度,印度,3,,3,0,2020-02-16
俄罗斯,俄罗斯,2,,2,0,2020-02-16
内蒙古自治区,中国,70,,8,0,2020-02-16
四川省,中国,481,,131,3,2020-02-16
山东省,中国,537,,173,2,2020-02-16
湖北省,中国,56249,,5666,1596,2020-02-16
广西壮族自治区,中国,237,,49,2,2020-02-16
黑龙江省,中国,445,,79,11,2020-02-16
辽宁省,中国,121,,40,1,2020-02-16
河北省,中国,300,,105,3,2020-02-16
香港,中国,57,,2,1,2020-02-16
重庆市,中国,547,,187,5,2020-02-16
山西省,中国,128,,49,0,2020-02-16
新疆维吾尔自治区,中国,71,,12,1,2020-02-16
安徽省,中国,962,,255,6,2020-02-16
吉林省,中国,89,,30,1,2020-02-16
甘肃省,中国,90,,54,2,2020-02-16
福建省,中国,287,,82,0,2020-02-16
陕西省,中国,236,,71,0,2020-02-16
北京市,中国,380,,108,4,2020-02-16
台湾,中国,20,,2,1,2020-02-16
云南省,中国,171,,42,0,2020-02-16
江西省,中国,925,,240,1,2020-02-16
贵州省,中国,144,,46,1,2020-02-16
天津市,中国,124,,45,3,2020-02-16
海南省,中国,162,,52,4,2020-02-16
澳门,中国,10,,5,0,2020-02-16
浙江省,中国,1171,,507,0,2020-02-17
韩国,韩国,30,,9,0,2020-02-17
上海市,中国,332,,161,1,2020-02-17
江苏省,中国,626,,258,0,2020-02-17
湖南省,中国,1006,,498,3,2020-02-17
广东省,中国,1322,,524,4,2020-02-17
河南省,中国,1246,,509,16,2020-02-17
钻石公主号邮轮,钻石公主号邮轮,454,,0,0,2020-02-17
日本,日本,62,,12,1,2020-02-17
法国,法国,12,,4,1,2020-02-17
德国,德国,16,,1,0,2020-02-17
美国,美国,15,,3,0,2020-02-17
新加坡,新加坡,77,,24,0,2020-02-17
英国,英国,9,,8,0,2020-02-17
加拿大,加拿大,8,,2,0,2020-02-17
阿联酋,阿联酋,9,,4,0,2020-02-17
澳大利亚,澳大利亚,15,,10,0,2020-02-17
泰国,泰国,35,,14,0,2020-02-17
马来西亚,马来西亚,22,,7,0,2020-02-17
比利时,比利时,1,,1,0,2020-02-17
埃及,埃及,1,,0,0,2020-02-17
越南,越南,16,,7,0,2020-02-17
印度,印度,3,,3,0,2020-02-17
俄罗斯,俄罗斯,2,,2,0,2020-02-17
内蒙古自治区,中国,72,,8,0,2020-02-17
四川省,中国,495,,156,3,2020-02-17
山东省,中国,541,,191,2,2020-02-17
湖北省,中国,58182,,6693,1696,2020-02-17
广西壮族自治区,中国,238,,53,2,2020-02-17
黑龙江省,中国,457,,85,11,2020-02-17
辽宁省,中国,121,,43,1,2020-02-17
河北省,中国,301,,122,3,2020-02-17
香港,中国,58,,2,1,2020-02-17
重庆市,中国,552,,214,5,2020-02-17
山西省,中国,129,,51,0,2020-02-17
新疆维吾尔自治区,中国,75,,12,1,2020-02-17
安徽省,中国,973,,280,6,2020-02-17
吉林省,中国,89,,34,1,2020-02-17
甘肃省,中国,91,,58,2,2020-02-17
福建省,中国,290,,90,0,2020-02-17
陕西省,中国,240,,79,0,2020-02-17
北京市,中国,381,,114,4,2020-02-17
台湾,中国,22,,2,1,2020-02-17
云南省,中国,171,,47,0,2020-02-17
宁夏回族自治区,中国,70,,35,0,2020-02-17
江西省,中国,930,,275,1,2020-02-17
贵州省,中国,146,,57,1,2020-02-17
天津市,中国,125,,46,3,2020-02-17
海南省,中国,163,,59,4,2020-02-17
浙江省,中国,1172,,535,0,2020-02-18
韩国,韩国,30,,12,0,2020-02-18
上海市,中国,333,,177,1,2020-02-18
江苏省,中国,629,,280,0,2020-02-18
湖南省,中国,1007,,527,4,2020-02-18
广东省,中国,1328,,565,4,2020-02-18
河南省,中国,1257,,522,19,2020-02-18
钻石公主号邮轮,钻石公主号邮轮,542,,0,0,2020-02-18
日本,日本,74,,12,1,2020-02-18
法国,法国,12,,4,1,2020-02-18
新加坡,新加坡,77,,24,0,2020-02-18
英国,英国,9,,8,0,2020-02-18
阿联酋,阿联酋,9,,4,0,2020-02-18
澳大利亚,澳大利亚,15,,10,0,2020-02-18
泰国,泰国,35,,15,0,2020-02-18
马来西亚,马来西亚,22,,7,0,2020-02-18
比利时,比利时,1,,1,0,2020-02-18
印度,印度,3,,3,0,2020-02-18
内蒙古自治区,中国,73,,8,0,2020-02-18
四川省,中国,508,,169,3,2020-02-18
山东省,中国,543,,211,3,2020-02-18
湖北省,中国,59989,,7943,1789,2020-02-18
广西壮族自治区,中国,242,,69,2,2020-02-18
黑龙江省,中国,464,,111,11,2020-02-18
辽宁省,中国,121,,53,1,2020-02-18
河北省,中国,302,,136,4,2020-02-18
香港,中国,62,,2,1,2020-02-18
重庆市,中国,553,,235,5,2020-02-18
山西省,中国,130,,60,0,2020-02-18
新疆维吾尔自治区,中国,76,,12,1,2020-02-18
安徽省,中国,982,,361,6,2020-02-18
吉林省,中国,89,,36,1,2020-02-18
甘肃省,中国,91,,62,2,2020-02-18
福建省,中国,292,,93,0,2020-02-18
陕西省,中国,240,,89,0,2020-02-18
北京市,中国,387,,122,4,2020-02-18
云南省,中国,172,,57,0,2020-02-18
宁夏回族自治区,中国,70,,42,0,2020-02-18
江西省,中国,933,,310,1,2020-02-18
贵州省,中国,146,,66,2,2020-02-18
天津市,中国,128,,48,3,2020-02-18
海南省,中国,163,,79,4,2020-02-18
青海省,中国,18,,15,0,2020-02-18
浙江省,中国,1174,,604,0,2020-02-19
韩国,韩国,51,,16,0,2020-02-19
上海市,中国,333,,186,2,2020-02-19
江苏省,中国,631,,318,0,2020-02-19
湖南省,中国,1008,,561,4,2020-02-19
广东省,中国,1331,,606,5,2020-02-19
河南省,中国,1262,,573,19,2020-02-19
钻石公主号邮轮,钻石公主号邮轮,621,,0,0,2020-02-19
日本,日本,84,,12,1,2020-02-19
西班牙,西班牙,2,,2,0,2020-02-19
法国,法国,12,,4,1,2020-02-19
新加坡,新加坡,84,,34,0,2020-02-19
英国,英国,9,,8,0,2020-02-19
阿联酋,阿联酋,9,,4,0,2020-02-19
澳大利亚,澳大利亚,15,,10,0,2020-02-19
泰国,泰国,35,,15,0,2020-02-19
马来西亚,马来西亚,22,,15,0,2020-02-19
比利时,比利时,1,,1,0,2020-02-19
尼泊尔,尼泊尔,1,,1,0,2020-02-19
斯里兰卡,斯里兰卡,1,,1,0,2020-02-19
印度,印度,3,,3,0,2020-02-19
内蒙古自治区,中国,75,,10,0,2020-02-19
四川省,中国,514,,188,3,2020-02-19
山东省,中国,544,,231,3,2020-02-19
湖北省,中国,61682,,9336,1921,2020-02-19
广西壮族自治区,中国,244,,86,2,2020-02-19
黑龙江省,中国,470,,120,12,2020-02-19
辽宁省,中国,121,,55,1,2020-02-19
河北省,中国,306,,152,4,2020-02-19
香港,中国,63,,5,2,2020-02-19
重庆市,中国,555,,254,5,2020-02-19
山西省,中国,131,,63,0,2020-02-19
新疆维吾尔自治区,中国,76,,20,1,2020-02-19
安徽省,中国,986,,413,6,2020-02-19
吉林省,中国,90,,37,1,2020-02-19
甘肃省,中国,91,,65,2,2020-02-19
福建省,中国,293,,112,0,2020-02-19
陕西省,中国,242,,102,0,2020-02-19
北京市,中国,393,,147,4,2020-02-19
台湾,中国,23,,2,1,2020-02-19
云南省,中国,173,,60,1,2020-02-19
宁夏回族自治区,中国,71,,42,0,2020-02-19
江西省,中国,934,,362,1,2020-02-19
贵州省,中国,146,,70,2,2020-02-19
天津市,中国,130,,54,3,2020-02-19
海南省,中国,163,,84,4,2020-02-19
青海省,中国,18,,16,0,2020-02-19
浙江省,中国,1175,,633,1,2020-02-20
韩国,韩国,104,,16,1,2020-02-20
上海市,中国,334,,199,2,2020-02-20
江苏省,中国,631,,356,0,2020-02-20
湖南省,中国,1010,,634,4,2020-02-20
广东省,中国,1332,,642,5,2020-02-20
河南省,中国,1265,,637,19,2020-02-20
伊朗,伊朗,2,,0,2,2020-02-20
钻石公主号邮轮,钻石公主号邮轮,634,,0,2,2020-02-20
日本,日本,84,,12,1,2020-02-20
西班牙,西班牙,2,,2,0,2020-02-20
法国,法国,12,,4,1,2020-02-20
德国,德国,16,,1,0,2020-02-20
美国,美国,15,,3,0,2020-02-20
新加坡,新加坡,84,,34,0,2020-02-20
英国,英国,9,,8,0,2020-02-20
加拿大,加拿大,8,,2,0,2020-02-20
阿联酋,阿联酋,9,,4,0,2020-02-20
澳大利亚,澳大利亚,15,,10,0,2020-02-20
泰国,泰国,35,,15,0,2020-02-20
马来西亚,马来西亚,22,,15,0,2020-02-20
比利时,比利时,1,,1,0,2020-02-20
埃及,埃及,1,,0,0,2020-02-20
越南,越南,16,,7,0,2020-02-20
尼泊尔,尼泊尔,1,,1,0,2020-02-20
斯里兰卡,斯里兰卡,1,,1,0,2020-02-20
印度,印度,3,,3,0,2020-02-20
俄罗斯,俄罗斯,2,,2,0,2020-02-20
内蒙古自治区,中国,75,,16,0,2020-02-20
四川省,中国,520,,217,3,2020-02-20
山东省,中国,546,,254,4,2020-02-20
湖北省,中国,62031,,10521,2029,2020-02-20
广西壮族自治区,中国,245,,90,2,2020-02-20
黑龙江省,中国,476,,136,12,2020-02-20
辽宁省,中国,121,,59,1,2020-02-20
河北省,中国,307,,169,5,2020-02-20
香港,中国,67,,6,2,2020-02-20
重庆市,中国,560,,274,5,2020-02-20
山西省,中国,131,,73,0,2020-02-20
新疆维吾尔自治区,中国,76,,22,1,2020-02-20
安徽省,中国,987,,474,6,2020-02-20
吉林省,中国,91,,43,1,2020-02-20
甘肃省,中国,91,,71,2,2020-02-20
福建省,中国,293,,126,1,2020-02-20
陕西省,中国,245,,118,1,2020-02-20
北京市,中国,395,,153,4,2020-02-20
台湾,中国,24,,2,1,2020-02-20
云南省,中国,173,,79,1,2020-02-20
宁夏回族自治区,中国,71,,44,0,2020-02-20
江西省,中国,934,,433,1,2020-02-20
贵州省,中国,146,,72,2,2020-02-20
天津市,中国,131,,59,3,2020-02-20
海南省,中国,168,,86,4,2020-02-20
澳门,中国,10,,6,0,2020-02-20
浙江省,中国,1203,,679,1,2020-02-21
韩国,韩国,204,,16,2,2020-02-21
上海市,中国,334,,211,2,2020-02-21
江苏省,中国,631,,373,0,2020-02-21
湖南省,中国,1011,,661,4,2020-02-21
广东省,中国,1333,,690,5,2020-02-21
河南省,中国,1267,,736,19,2020-02-21
伊朗,伊朗,18,,0,4,2020-02-21
钻石公主号邮轮,钻石公主号邮轮,634,,0,2,2020-02-21
日本,日本,105,,22,1,2020-02-21
西班牙,西班牙,2,,2,0,2020-02-21
德国,德国,16,,7,0,2020-02-21
新加坡,新加坡,85,,37,0,2020-02-21
澳大利亚,澳大利亚,17,,11,0,2020-02-21
泰国,泰国,35,,17,0,2020-02-21
马来西亚,马来西亚,22,,15,0,2020-02-21
越南,越南,16,,14,0,2020-02-21
尼泊尔,尼泊尔,1,,1,0,2020-02-21
斯里兰卡,斯里兰卡,1,,1,0,2020-02-21
内蒙古自治区,中国,75,,17,0,2020-02-21
四川省,中国,525,,231,3,2020-02-21
山东省,中国,749,,281,4,2020-02-21
湖北省,中国,62662,,11881,2144,2020-02-21
广西壮族自治区,中国,246,,97,2,2020-02-21
黑龙江省,中国,479,,175,12,2020-02-21
辽宁省,中国,121,,61,1,2020-02-21
河北省,中国,308,,184,5,2020-02-21
香港,中国,68,,5,2,2020-02-21
重庆市,中国,567,,299,6,2020-02-21
山西省,中国,132,,76,0,2020-02-21
新疆维吾尔自治区,中国,76,,24,1,2020-02-21
安徽省,中国,988,,539,6,2020-02-21
吉林省,中国,91,,45,1,2020-02-21
甘肃省,中国,91,,76,2,2020-02-21
福建省,中国,293,,149,1,2020-02-21
陕西省,中国,245,,134,1,2020-02-21
北京市,中国,396,,169,4,2020-02-21
台湾,中国,26,,2,1,2020-02-21
云南省,中国,174,,96,2,2020-02-21
宁夏回族自治区,中国,71,,48,0,2020-02-21
江西省,中国,934,,489,1,2020-02-21
贵州省,中国,146,,77,2,2020-02-21
天津市,中国,132,,62,3,2020-02-21
海南省,中国,168,,95,4,2020-02-21
青海省,中国,18,,18,0,2020-02-21
浙江省,中国,1205,,719,1,2020-02-22
韩国,韩国,433,,16,2,2020-02-22
上海市,中国,335,,227,3,2020-02-22
江苏省,中国,631,,401,0,2020-02-22
湖南省,中国,1013,,692,4,2020-02-22
广东省,中国,1339,,728,5,2020-02-22
河南省,中国,1270,,830,19,2020-02-22
意大利,意大利,20,,0,2,2020-02-22
伊朗,伊朗,28,,0,5,2020-02-22
钻石公主号邮轮,钻石公主号邮轮,634,,0,2,2020-02-22
日本,日本,122,,22,1,2020-02-22
西班牙,西班牙,2,,2,0,2020-02-22
德国,德国,16,,7,0,2020-02-22
美国,美国,35,,3,0,2020-02-22
新加坡,新加坡,85,,37,0,2020-02-22
阿联酋,阿联酋,13,,4,0,2020-02-22
澳大利亚,澳大利亚,21,,11,0,2020-02-22
泰国,泰国,35,,17,0,2020-02-22
马来西亚,马来西亚,22,,15,0,2020-02-22
以色列,以色列,1,,0,0,2020-02-22
黎巴嫩,黎巴嫩,1,,0,0,2020-02-22
越南,越南,16,,14,0,2020-02-22
尼泊尔,尼泊尔,1,,1,0,2020-02-22
斯里兰卡,斯里兰卡,1,,1,0,2020-02-22
内蒙古自治区,中国,75,,23,0,2020-02-22
四川省,中国,526,,250,3,2020-02-22
山东省,中国,750,,302,4,2020-02-22
湖北省,中国,63454,,13690,2250,2020-02-22
广西壮族自治区,中国,249,,104,2,2020-02-22
黑龙江省,中国,479,,204,12,2020-02-22
辽宁省,中国,121,,66,1,2020-02-22
河北省,中国,309,,203,6,2020-02-22
香港,中国,69,,6,2,2020-02-22
重庆市,中国,572,,316,6,2020-02-22
山西省,中国,132,,79,0,2020-02-22
新疆维吾尔自治区,中国,76,,25,2,2020-02-22
安徽省,中国,989,,597,6,2020-02-22
吉林省,中国,91,,52,1,2020-02-22
福建省,中国,293,,162,1,2020-02-22
陕西省,中国,245,,149,1,2020-02-22
北京市,中国,399,,178,4,2020-02-22
云南省,中国,174,,107,2,2020-02-22
江西省,中国,934,,555,1,2020-02-22
贵州省,中国,146,,90,2,2020-02-22
天津市,中国,135,,65,3,2020-02-22
海南省,中国,168,,104,4,2020-02-22
浙江省,中国,1205,,760,1,2020-02-23
韩国,韩国,602,,16,6,2020-02-23
上海市,中国,335,,249,3,2020-02-23
江苏省,中国,631,,418,0,2020-02-23
湖南省,中国,1016,,714,4,2020-02-23
广东省,中国,1342,,755,6,2020-02-23
河南省,中国,1271,,868,19,2020-02-23
意大利,意大利,117,,1,2,2020-02-23
伊朗,伊朗,43,,0,8,2020-02-23
钻石公主号邮轮,钻石公主号邮轮,691,,0,3,2020-02-23
日本,日本,135,,22,1,2020-02-23
德国,德国,16,,7,0,2020-02-23
美国,美国,35,,3,0,2020-02-23
新加坡,新加坡,89,,51,0,2020-02-23
伊拉克,伊拉克,1,,0,0,2020-02-23
阿联酋,阿联酋,13,,4,0,2020-02-23
澳大利亚,澳大利亚,21,,11,0,2020-02-23
泰国,泰国,35,,21,0,2020-02-23
以色列,以色列,1,,0,0,2020-02-23
黎巴嫩,黎巴嫩,1,,0,0,2020-02-23
越南,越南,16,,14,0,2020-02-23
内蒙古自治区,中国,75,,27,0,2020-02-23
四川省,中国,526,,261,3,2020-02-23
山东省,中国,754,,321,4,2020-02-23
湖北省,中国,64084,,15343,2346,2020-02-23
广西壮族自治区,中国,249,,106,2,2020-02-23
黑龙江省,中国,480,,222,12,2020-02-23
辽宁省,中国,121,,73,1,2020-02-23
河北省,中国,311,,219,6,2020-02-23
香港,中国,74,,11,2,2020-02-23
重庆市,中国,573,,328,6,2020-02-23
山西省,中国,132,,89,0,2020-02-23
新疆维吾尔自治区,中国,76,,28,2,2020-02-23
安徽省,中国,989,,637,6,2020-02-23
吉林省,中国,91,,54,1,2020-02-23
甘肃省,中国,91,,78,2,2020-02-23
福建省,中国,293,,170,1,2020-02-23
陕西省,中国,245,,163,1,2020-02-23
北京市,中国,399,,189,4,2020-02-23
台湾,中国,28,,2,1,2020-02-23
云南省,中国,174,,115,2,2020-02-23
宁夏回族自治区,中国,71,,56,0,2020-02-23
江西省,中国,934,,613,1,2020-02-23
贵州省,中国,146,,102,2,2020-02-23
天津市,中国,135,,81,3,2020-02-23
海南省,中国,168,,106,4,2020-02-23
澳门,中国,10,,6,0,2020-02-23
青海省,中国,18,,18,0,2020-02-23
西藏自治区,中国,1,,1,0,2020-02-23
浙江省,中国,1205,,782,1,2020-02-24
韩国,韩国,833,,18,8,2020-02-24
上海市,中国,335,,261,3,2020-02-24
江苏省,中国,631,,452,0,2020-02-24
湖南省,中国,1016,,731,4,2020-02-24
广东省,中国,1345,,786,6,2020-02-24
河南省,中国,1271,,943,19,2020-02-24
意大利,意大利,230,,2,6,2020-02-24
伊朗,伊朗,61,,0,12,2020-02-24
钻石公主号邮轮,钻石公主号邮轮,691,,0,3,2020-02-24
日本,日本,159,,22,1,2020-02-24
德国,德国,16,,14,0,2020-02-24
美国,美国,35,,3,0,2020-02-24
巴林,巴林,1,,0,0,2020-02-24
科威特,科威特,1,,0,0,2020-02-24
新加坡,新加坡,89,,51,0,2020-02-24
英国,英国,13,,8,0,2020-02-24
加拿大,加拿大,10,,3,0,2020-02-24
伊拉克,伊拉克,1,,0,0,2020-02-24
阿联酋,阿联酋,13,,4,0,2020-02-24
澳大利亚,澳大利亚,22,,10,0,2020-02-24
泰国,泰国,35,,21,0,2020-02-24
马来西亚,马来西亚,22,,18,0,2020-02-24
以色列,以色列,2,,0,0,2020-02-24
黎巴嫩,黎巴嫩,1,,0,0,2020-02-24
阿富汗,阿富汗,1,,0,0,2020-02-24
内蒙古自治区,中国,75,,34,0,2020-02-24
四川省,中国,527,,276,3,2020-02-24
山东省,中国,755,,343,5,2020-02-24
湖北省,中国,64287,,16748,2495,2020-02-24
广西壮族自治区,中国,251,,112,2,2020-02-24
黑龙江省,中国,480,,227,12,2020-02-24
辽宁省,中国,121,,80,1,2020-02-24
河北省,中国,311,,234,6,2020-02-24
香港,中国,79,,19,2,2020-02-24
重庆市,中国,575,,335,6,2020-02-24
山西省,中国,132,,91,0,2020-02-24
新疆维吾尔自治区,中国,76,,30,2,2020-02-24
安徽省,中国,989,,663,6,2020-02-24
吉林省,中国,93,,60,1,2020-02-24
甘肃省,中国,91,,80,2,2020-02-24
福建省,中国,293,,183,1,2020-02-24
陕西省,中国,245,,173,1,2020-02-24
北京市,中国,399,,198,4,2020-02-24
台湾,中国,30,,5,1,2020-02-24
云南省,中国,174,,128,2,2020-02-24
宁夏回族自治区,中国,71,,58,0,2020-02-24
江西省,中国,934,,645,1,2020-02-24
天津市,中国,135,,87,3,2020-02-24
海南省,中国,168,,116,5,2020-02-24
浙江省,中国,1205,,808,1,2020-02-25
韩国,韩国,977,,22,10,2020-02-25
上海市,中国,336,,268,3,2020-02-25
江苏省,中国,631,,458,0,2020-02-25
湖南省,中国,1016,,768,4,2020-02-25
广东省,中国,1347,,822,7,2020-02-25
河南省,中国,1271,,1002,19,2020-02-25
意大利,意大利,283,,1,7,2020-02-25
伊朗,伊朗,95,,0,16,2020-02-25
钻石公主号邮轮,钻石公主号邮轮,691,,0,3,2020-02-25
日本,日本,170,,22,1,2020-02-25
西班牙,西班牙,3,,2,0,2020-02-25
法国,法国,12,,11,1,2020-02-25
德国,德国,16,,14,0,2020-02-25
美国,美国,53,,3,0,2020-02-25
巴林,巴林,8,,0,0,2020-02-25
科威特,科威特,8,,0,0,2020-02-25
新加坡,新加坡,90,,53,0,2020-02-25
英国,英国,13,,8,0,2020-02-25
加拿大,加拿大,11,,4,0,2020-02-25
伊拉克,伊拉克,1,,0,0,2020-02-25
阿联酋,阿联酋,13,,4,0,2020-02-25
澳大利亚,澳大利亚,22,,15,0,2020-02-25
泰国,泰国,37,,22,0,2020-02-25
马来西亚,马来西亚,22,,18,0,2020-02-25
以色列,以色列,6,,0,0,2020-02-25
克罗地亚,克罗地亚,1,,0,0,2020-02-25
阿曼,阿曼,2,,0,0,2020-02-25
黎巴嫩,黎巴嫩,1,,0,0,2020-02-25
阿富汗,阿富汗,1,,0,0,2020-02-25
越南,越南,16,,16,0,2020-02-25
四川省,中国,529,,289,3,2020-02-25
山东省,中国,756,,355,6,2020-02-25
湖北省,中国,64786,,18971,2563,2020-02-25
广西壮族自治区,中国,252,,134,2,2020-02-25
黑龙江省,中国,480,,243,12,2020-02-25
辽宁省,中国,121,,83,1,2020-02-25
河北省,中国,311,,248,6,2020-02-25
香港,中国,84,,19,2,2020-02-25
重庆市,中国,576,,349,6,2020-02-25
山西省,中国,133,,96,0,2020-02-25
安徽省,中国,989,,712,6,2020-02-25
吉林省,中国,93,,63,1,2020-02-25
福建省,中国,294,,199,1,2020-02-25
陕西省,中国,245,,186,1,2020-02-25
北京市,中国,400,,215,4,2020-02-25
台湾,中国,31,,5,1,2020-02-25
云南省,中国,174,,129,2,2020-02-25
宁夏回族自治区,中国,71,,61,0,2020-02-25
江西省,中国,934,,683,1,2020-02-25
贵州省,中国,146,,104,2,2020-02-25
天津市,中国,135,,91,3,2020-02-25
海南省,中国,168,,124,5,2020-02-25
澳门,中国,10,,7,0,2020-02-25
浙江省,中国,1205,,867,1,2020-02-26
韩国,韩国,1261,,22,12,2020-02-26
上海市,中国,336,,272,3,2020-02-26
江苏省,中国,631,,478,0,2020-02-26
湖南省,中国,1016,,783,4,2020-02-26
广东省,中国,1347,,851,7,2020-02-26
河南省,中国,1271,,1033,19,2020-02-26
意大利,意大利,374,,1,12,2020-02-26
伊朗,伊朗,139,,0,19,2020-02-26
钻石公主号邮轮,钻石公主号邮轮,705,,0,4,2020-02-26
日本,日本,178,,22,2,2020-02-26
西班牙,西班牙,7,,2,0,2020-02-26
法国,法国,17,,11,2,2020-02-26
德国,德国,19,,14,0,2020-02-26
美国,美国,57,,3,0,2020-02-26
巴林,巴林,26,,0,0,2020-02-26
科威特,科威特,25,,0,0,2020-02-26
新加坡,新加坡,93,,62,0,2020-02-26
英国,英国,13,,8,0,2020-02-26
瑞士,瑞士,1,,0,0,2020-02-26
加拿大,加拿大,11,,4,0,2020-02-26
伊拉克,伊拉克,1,,0,0,2020-02-26
阿联酋,阿联酋,13,,4,0,2020-02-26
奥地利,奥地利,2,,0,0,2020-02-26
澳大利亚,澳大利亚,22,,15,0,2020-02-26
瑞典,瑞典,1,,0,0,2020-02-26
泰国,泰国,40,,22,0,2020-02-26
马来西亚,马来西亚,22,,18,0,2020-02-26
以色列,以色列,6,,0,0,2020-02-26
克罗地亚,克罗地亚,1,,0,0,2020-02-26
希腊,希腊,1,,0,0,2020-02-26
芬兰,芬兰,1,,1,0,2020-02-26
阿曼,阿曼,2,,0,0,2020-02-26
黎巴嫩,黎巴嫩,1,,0,0,2020-02-26
菲律宾,菲律宾,3,,1,1,2020-02-26
比利时,比利时,1,,1,0,2020-02-26
埃及,埃及,1,,0,0,2020-02-26
阿富汗,阿富汗,1,,0,0,2020-02-26
阿尔及利亚,阿尔及利亚,1,,0,0,2020-02-26
越南,越南,16,,16,0,2020-02-26
尼泊尔,尼泊尔,1,,1,0,2020-02-26
柬埔寨,柬埔寨,1,,1,0,2020-02-26
斯里兰卡,斯里兰卡,1,,1,0,2020-02-26
印度,印度,3,,3,0,2020-02-26
俄罗斯,俄罗斯,2,,2,0,2020-02-26
内蒙古自治区,中国,75,,38,0,2020-02-26
四川省,中国,531,,307,3,2020-02-26
山东省,中国,756,,377,6,2020-02-26
湖北省,中国,65187,,20969,2615,2020-02-26
广西壮族自治区,中国,252,,147,2,2020-02-26
黑龙江省,中国,480,,249,12,2020-02-26
辽宁省,中国,121,,88,1,2020-02-26
河北省,中国,312,,261,6,2020-02-26
香港,中国,89,,24,2,2020-02-26
重庆市,中国,576,,373,6,2020-02-26
山西省,中国,133,,104,0,2020-02-26
新疆维吾尔自治区,中国,76,,34,2,2020-02-26
安徽省,中国,989,,744,6,2020-02-26
吉林省,中国,93,,65,1,2020-02-26
甘肃省,中国,91,,81,2,2020-02-26
福建省,中国,294,,218,1,2020-02-26
陕西省,中国,245,,192,1,2020-02-26
北京市,中国,400,,235,4,2020-02-26
台湾,中国,32,,5,1,2020-02-26
云南省,中国,174,,144,2,2020-02-26
宁夏回族自治区,中国,71,,65,0,2020-02-26
江西省,中国,934,,719,1,2020-02-26
天津市,中国,135,,96,3,2020-02-26
海南省,中国,168,,129,5,2020-02-26
浙江省,中国,1205,,932,1,2020-02-27
韩国,韩国,1766,,22,13,2020-02-27
上海市,中国,337,,276,3,2020-02-27
江苏省,中国,631,,498,0,2020-02-27
湖南省,中国,1017,,804,4,2020-02-27
广东省,中国,1347,,890,7,2020-02-27
河南省,中国,1272,,1068,20,2020-02-27
意大利,意大利,528,,40,14,2020-02-27
伊朗,伊朗,245,,49,26,2020-02-27
钻石公主号邮轮,钻石公主号邮轮,705,,0,4,2020-02-27
日本,日本,189,,22,3,2020-02-27
西班牙,西班牙,13,,2,0,2020-02-27
法国,法国,18,,11,2,2020-02-27
德国,德国,27,,14,0,2020-02-27
美国,美国,60,,3,0,2020-02-27
巴林,巴林,33,,0,0,2020-02-27
科威特,科威特,43,,0,0,2020-02-27
新加坡,新加坡,93,,62,0,2020-02-27
英国,英国,15,,8,0,2020-02-27
瑞士,瑞士,4,,0,0,2020-02-27
加拿大,加拿大,12,,4,0,2020-02-27
伊拉克,伊拉克,6,,0,0,2020-02-27
挪威,挪威,1,,0,0,2020-02-27
奥地利,奥地利,3,,0,0,2020-02-27
澳大利亚,澳大利亚,23,,15,0,2020-02-27
瑞典,瑞典,2,,0,0,2020-02-27
泰国,泰国,40,,22,0,2020-02-27
马来西亚,马来西亚,23,,18,0,2020-02-27
以色列,以色列,7,,1,0,2020-02-27
克罗地亚,克罗地亚,3,,0,0,2020-02-27
希腊,希腊,3,,0,0,2020-02-27
芬兰,芬兰,2,,1,0,2020-02-27
阿曼,阿曼,4,,0,0,2020-02-27
巴基斯坦,巴基斯坦,2,,0,0,2020-02-27
黎巴嫩,黎巴嫩,3,,0,0,2020-02-27
罗马尼亚,罗马尼亚,1,,0,0,2020-02-27
丹麦,丹麦,1,,0,0,2020-02-27
格鲁吉亚,格鲁吉亚,1,,0,0,2020-02-27
巴西,巴西,1,,0,0,2020-02-27
阿富汗,阿富汗,1,,0,0,2020-02-27
阿尔及利亚,阿尔及利亚,1,,0,0,2020-02-27
爱沙尼亚,爱沙尼亚,1,,0,0,2020-02-27
北马其顿,北马其顿,1,,0,0,2020-02-27
越南,越南,16,,16,0,2020-02-27
内蒙古自治区,中国,75,,42,0,2020-02-27
四川省,中国,534,,321,3,2020-02-27
山东省,中国,756,,387,6,2020-02-27
湖北省,中国,65596,,23383,2641,2020-02-27
广西壮族自治区,中国,252,,161,2,2020-02-27
黑龙江省,中国,480,,270,13,2020-02-27
辽宁省,中国,121,,93,1,2020-02-27
河北省,中国,317,,274,6,2020-02-27
香港,中国,92,,24,2,2020-02-27
重庆市,中国,576,,384,6,2020-02-27
山西省,中国,133,,106,0,2020-02-27
新疆维吾尔自治区,中国,76,,43,2,2020-02-27
安徽省,中国,989,,792,6,2020-02-27
吉林省,中国,93,,67,1,2020-02-27
福建省,中国,296,,228,1,2020-02-27
陕西省,中国,245,,195,1,2020-02-27
北京市,中国,410,,248,5,2020-02-27
云南省,中国,174,,150,2,2020-02-27
宁夏回族自治区,中国,72,,68,0,2020-02-27
江西省,中国,934,,754,1,2020-02-27
贵州省,中国,146,,112,2,2020-02-27
天津市,中国,135,,102,3,2020-02-27
海南省,中国,168,,131,5,2020-02-27
澳门,中国,10,,8,0,2020-02-27
浙江省,中国,1205,,975,1,2020-02-28
韩国,韩国,2337,,22,13,2020-02-28
上海市,中国,337,,279,3,2020-02-28
江苏省,中国,631,,515,0,2020-02-28
湖南省,中国,1017,,830,4,2020-02-28
广东省,中国,1348,,935,7,2020-02-28
河南省,中国,1272,,1112,20,2020-02-28
意大利,意大利,653,,45,17,2020-02-28
伊朗,伊朗,270,,49,26,2020-02-28
钻石公主号邮轮,钻石公主号邮轮,705,,0,5,2020-02-28
日本,日本,226,,22,4,2020-02-28
西班牙,西班牙,25,,2,0,2020-02-28
法国,法国,38,,11,2,2020-02-28
德国,德国,48,,14,0,2020-02-28
美国,美国,60,,3,0,2020-02-28
巴林,巴林,33,,0,0,2020-02-28
科威特,科威特,43,,0,0,2020-02-28
新加坡,新加坡,93,,62,0,2020-02-28
英国,英国（含北爱尔兰）,16,,8,0,2020-02-28
瑞士,瑞士,8,,0,0,2020-02-28
加拿大,加拿大,14,,4,0,2020-02-28
伊拉克,伊拉克,7,,0,0,2020-02-28
挪威,挪威,4,,0,0,2020-02-28
阿联酋,阿联酋,19,,5,0,2020-02-28
奥地利,奥地利,5,,0,0,2020-02-28
澳大利亚,澳大利亚,23,,15,0,2020-02-28
瑞典,瑞典,7,,0,0,2020-02-28
泰国,泰国,41,,28,0,2020-02-28
马来西亚,马来西亚,23,,18,0,2020-02-28
荷兰,荷兰,1,,0,0,2020-02-28
以色列,以色列,7,,1,0,2020-02-28
克罗地亚,克罗地亚,3,,0,0,2020-02-28
希腊,希腊,4,,0,0,2020-02-28
芬兰,芬兰,2,,1,0,2020-02-28
阿曼,阿曼,6,,0,0,2020-02-28
巴基斯坦,巴基斯坦,2,,0,0,2020-02-28
黎巴嫩,黎巴嫩,3,,0,0,2020-02-28
罗马尼亚,罗马尼亚,1,,0,0,2020-02-28
丹麦,丹麦,1,,0,0,2020-02-28
白俄罗斯,白俄罗斯,1,,0,0,2020-02-28
格鲁吉亚,格鲁吉亚,1,,0,0,2020-02-28
巴西,巴西,1,,0,0,2020-02-28
埃及,埃及,1,,1,0,2020-02-28
阿富汗,阿富汗,1,,0,0,2020-02-28
阿尔及利亚,阿尔及利亚,1,,0,0,2020-02-28
爱沙尼亚,爱沙尼亚,1,,0,0,2020-02-28
北马其顿,北马其顿,1,,0,0,2020-02-28
尼日利亚,尼日利亚,1,,0,0,2020-02-28
立陶宛,立陶宛,1,,0,0,2020-02-28
新西兰,新西兰,1,,0,0,2020-02-28
爱尔兰,英国（含北爱尔兰）,16,,8,0,2020-02-28
越南,越南,16,,16,0,2020-02-28
俄罗斯,白俄罗斯,1,,0,0,2020-02-28
内蒙古自治区,中国,75,,45,0,2020-02-28
四川省,中国,538,,338,3,2020-02-28
山东省,中国,756,,405,6,2020-02-28
湖北省,中国,65914,,26403,2682,2020-02-28
广西壮族自治区,中国,252,,168,2,2020-02-28
黑龙江省,中国,480,,283,13,2020-02-28
河北省,中国,318,,277,6,2020-02-28
香港,中国,94,,30,2,2020-02-28
重庆市,中国,576,,402,6,2020-02-28
山西省,中国,133,,109,0,2020-02-28
新疆维吾尔自治区,中国,76,,52,3,2020-02-28
安徽省,中国,990,,821,6,2020-02-28
吉林省,中国,93,,73,1,2020-02-28
甘肃省,中国,91,,82,2,2020-02-28
福建省,中国,296,,235,1,2020-02-28
陕西省,中国,245,,199,1,2020-02-28
北京市,中国,410,,257,7,2020-02-28
台湾,中国,34,,6,1,2020-02-28
云南省,中国,174,,156,2,2020-02-28
江西省,中国,935,,790,1,2020-02-28
天津市,中国,136,,102,3,2020-02-28
海南省,中国,168,,133,5,2020-02-28
英国（含北爱尔兰）,英国（含北爱尔兰）,16,,8,0,2020-02-28
北爱尔兰,英国（含北爱尔兰）,16,,8,0,2020-02-28
浙江省,中国,1205,,1016,1,2020-02-29
韩国,韩国,3150,,27,16,2020-02-29
上海市,中国,337,,287,3,2020-02-29
江苏省,中国,631,,523,0,2020-02-29
湖南省,中国,1018,,846,4,2020-02-29
广东省,中国,1349,,983,7,2020-02-29
河南省,中国,1272,,1170,21,2020-02-29
意大利,意大利,888,,46,21,2020-02-29
伊朗,伊朗,593,,123,43,2020-02-29
钻石公主号邮轮,钻石公主号邮轮,705,,0,6,2020-02-29
日本,日本,240,,22,5,2020-02-29
西班牙,西班牙,41,,2,0,2020-02-29
法国,法国,57,,11,2,2020-02-29
德国,德国,66,,14,0,2020-02-29
美国,美国,63,,3,0,2020-02-29
巴林,巴林,38,,0,0,2020-02-29
科威特,科威特,43,,0,0,2020-02-29
新加坡,新加坡,98,,69,0,2020-02-29
英国,英国,20,,8,0,2020-02-29
瑞士,瑞士,15,,0,0,2020-02-29
加拿大,加拿大,16,,4,0,2020-02-29
伊拉克,伊拉克,8,,0,0,2020-02-29
挪威,挪威,7,,0,0,2020-02-29
阿联酋,阿联酋,21,,5,0,2020-02-29
奥地利,奥地利,5,,0,0,2020-02-29
澳大利亚,澳大利亚,25,,15,0,2020-02-29
瑞典,瑞典,12,,0,0,2020-02-29
泰国,泰国,42,,28,0,2020-02-29
马来西亚,马来西亚,25,,18,0,2020-02-29
荷兰,荷兰,2,,0,0,2020-02-29
以色列,以色列,9,,1,0,2020-02-29
克罗地亚,克罗地亚,5,,0,0,2020-02-29
希腊,希腊,4,,0,0,2020-02-29
芬兰,芬兰,3,,1,0,2020-02-29
阿曼,阿曼,6,,1,0,2020-02-29
墨西哥,墨西哥,3,,0,0,2020-02-29
巴基斯坦,巴基斯坦,2,,0,0,2020-02-29
黎巴嫩,黎巴嫩,3,,0,0,2020-02-29
罗马尼亚,罗马尼亚,3,,0,0,2020-02-29
丹麦,丹麦,3,,0,0,2020-02-29
白俄罗斯,白俄罗斯,1,,0,0,2020-02-29
阿塞拜疆,阿塞拜疆,1,,0,0,2020-02-29
格鲁吉亚,格鲁吉亚,2,,0,0,2020-02-29
巴西,巴西,1,,0,0,2020-02-29
菲律宾,菲律宾,3,,1,1,2020-02-29
比利时,比利时,1,,1,0,2020-02-29
埃及,埃及,1,,1,0,2020-02-29
阿富汗,阿富汗,1,,0,0,2020-02-29
阿尔及利亚,阿尔及利亚,1,,0,0,2020-02-29
爱沙尼亚,爱沙尼亚,1,,0,0,2020-02-29
北马其顿,北马其顿,1,,0,0,2020-02-29
尼日利亚,尼日利亚,1,,0,0,2020-02-29
立陶宛,立陶宛,1,,0,0,2020-02-29
新西兰,新西兰,1,,0,0,2020-02-29
冰岛,冰岛,1,,0,0,2020-02-29
摩纳哥,摩纳哥,1,,0,0,2020-02-29
爱尔兰,大不列颠及北爱尔兰联合王国,20,,8,0,2020-02-29
越南,越南,16,,16,0,2020-02-29
尼泊尔,尼泊尔,1,,1,0,2020-02-29
柬埔寨,柬埔寨,1,,1,0,2020-02-29
斯里兰卡,斯里兰卡,1,,1,0,2020-02-29
印度,印度,3,,3,0,2020-02-29
俄罗斯,白俄罗斯,2,,2,0,2020-02-29
俄罗斯,俄罗斯,2,,2,0,2020-02-29
内蒙古自治区,中国,75,,49,0,2020-02-29
四川省,中国,538,,351,3,2020-02-29
山东省,中国,756,,421,6,2020-02-29
湖北省,中国,66337,,28993,2727,2020-02-29
广西壮族自治区,中国,252,,176,2,2020-02-29
黑龙江省,中国,480,,301,13,2020-02-29
辽宁省,中国,121,,96,1,2020-02-29
河北省,中国,318,,282,6,2020-02-29
重庆市,中国,576,,422,6,2020-02-29
山西省,中国,133,,113,0,2020-02-29
新疆维吾尔自治区,中国,76,,62,3,2020-02-29
安徽省,中国,990,,868,6,2020-02-29
吉林省,中国,93,,75,1,2020-02-29
福建省,中国,296,,243,1,2020-02-29
陕西省,中国,245,,207,1,2020-02-29
北京市,中国,411,,271,8,2020-02-29
台湾,中国,39,,9,1,2020-02-29
云南省,中国,174,,157,2,2020-02-29
宁夏回族自治区,中国,73,,69,0,2020-02-29
江西省,中国,935,,811,1,2020-02-29
天津市,中国,136,,109,3,2020-02-29
海南省,中国,168,,147,5,2020-02-29
大不列颠及北爱尔兰联合王国,大不列颠及北爱尔兰联合王国,20,,8,0,2020-02-29
英国（含北爱尔兰）,英国（含北爱尔兰）,20,,8,0,2020-02-29
北爱尔兰,大不列颠及北爱尔兰联合王国,20,,8,0,2020-02-29
浙江省,中国,1205,,1046,1,2020-03-01
韩国,韩国,3526,,30,17,2020-03-01
上海市,中国,337,,290,3,2020-03-01
江苏省,中国,631,,536,0,2020-03-01
湖南省,中国,1018,,866,4,2020-03-01
广东省,中国,1349,,1016,7,2020-03-01
河南省,中国,1272,,1198,22,2020-03-01
意大利,意大利,1128,,50,29,2020-03-01
伊朗,伊朗,978,,175,54,2020-03-01
钻石公主号邮轮,钻石公主号邮轮,705,,0,6,2020-03-01
日本,日本,250,,41,5,2020-03-01
西班牙,西班牙,58,,2,0,2020-03-01
法国,法国,100,,12,2,2020-03-01
德国,德国,117,,14,0,2020-03-01
美国,美国,63,,3,1,2020-03-01
巴林,巴林,41,,0,0,2020-03-01
科威特,科威特,46,,0,0,2020-03-01
新加坡,新加坡,102,,72,0,2020-03-01
英国,英国,35,,8,0,2020-03-01
瑞士,瑞士,24,,0,0,2020-03-01
加拿大,加拿大,20,,4,0,2020-03-01
伊拉克,伊拉克,13,,0,0,2020-03-01
挪威,挪威,17,,0,0,2020-03-01
阿联酋,阿联酋,21,,5,0,2020-03-01
奥地利,奥地利,10,,0,0,2020-03-01
澳大利亚,澳大利亚,28,,15,1,2020-03-01
瑞典,瑞典,13,,0,0,2020-03-01
泰国,泰国,42,,28,1,2020-03-01
马来西亚,马来西亚,29,,18,0,2020-03-01
荷兰,荷兰,7,,0,0,2020-03-01
以色列,以色列,10,,1,0,2020-03-01
克罗地亚,克罗地亚,7,,0,0,2020-03-01
希腊,希腊,7,,0,0,2020-03-01
厄瓜多尔,厄瓜多尔,1,,0,0,2020-03-01
芬兰,芬兰,3,,1,0,2020-03-01
阿曼,阿曼,6,,1,0,2020-03-01
墨西哥,墨西哥,4,,0,0,2020-03-01
巴基斯坦,巴基斯坦,3,,0,0,2020-03-01
黎巴嫩,黎巴嫩,3,,0,0,2020-03-01
罗马尼亚,罗马尼亚,3,,0,0,2020-03-01
丹麦,丹麦,3,,0,0,2020-03-01
白俄罗斯,白俄罗斯,1,,0,0,2020-03-01
阿塞拜疆,阿塞拜疆,3,,0,0,2020-03-01
格鲁吉亚,格鲁吉亚,3,,0,0,2020-03-01
巴西,巴西,2,,0,0,2020-03-01
菲律宾,菲律宾,3,,1,1,2020-03-01
比利时,比利时,2,,1,0,2020-03-01
埃及,埃及,1,,1,0,2020-03-01
阿富汗,阿富汗,1,,0,0,2020-03-01
阿尔及利亚,阿尔及利亚,1,,0,0,2020-03-01
爱沙尼亚,爱沙尼亚,1,,0,0,2020-03-01
北马其顿,北马其顿,1,,0,0,2020-03-01
尼日利亚,尼日利亚,1,,0,0,2020-03-01
立陶宛,立陶宛,1,,0,0,2020-03-01
新西兰,新西兰,1,,0,0,2020-03-01
冰岛,冰岛,1,,0,0,2020-03-01
摩纳哥,摩纳哥,1,,0,0,2020-03-01
卡塔尔,卡塔尔,1,,0,0,2020-03-01
爱尔兰,爱尔兰,1,,0,0,2020-03-01
卢森堡,卢森堡,1,,0,0,2020-03-01
圣马力诺,圣马力诺,1,,0,0,2020-03-01
亚美尼亚,亚美尼亚,1,,0,0,2020-03-01
越南,越南,16,,16,0,2020-03-01
尼泊尔,尼泊尔,1,,1,0,2020-03-01
柬埔寨,柬埔寨,1,,1,0,2020-03-01
斯里兰卡,斯里兰卡,1,,1,0,2020-03-01
印度,印度,3,,3,0,2020-03-01
俄罗斯,白俄罗斯,2,,2,0,2020-03-01
俄罗斯,俄罗斯,2,,2,0,2020-03-01
内蒙古自治区,中国,75,,52,0,2020-03-01
四川省,中国,538,,365,3,2020-03-01
山东省,中国,758,,443,6,2020-03-01
湖北省,中国,66907,,31536,2761,2020-03-01
广西壮族自治区,中国,252,,181,2,2020-03-01
黑龙江省,中国,480,,342,13,2020-03-01
辽宁省,中国,122,,103,1,2020-03-01
河北省,中国,318,,294,6,2020-03-01
香港,中国,96,,36,2,2020-03-01
重庆市,中国,576,,442,6,2020-03-01
山西省,中国,133,,115,0,2020-03-01
新疆维吾尔自治区,中国,76,,64,3,2020-03-01
安徽省,中国,990,,873,6,2020-03-01
吉林省,中国,93,,78,1,2020-03-01
甘肃省,中国,91,,84,2,2020-03-01
福建省,中国,296,,247,1,2020-03-01
陕西省,中国,245,,208,1,2020-03-01
北京市,中国,413,,276,8,2020-03-01
台湾,中国,40,,9,1,2020-03-01
云南省,中国,174,,163,2,2020-03-01
江西省,中国,935,,831,1,2020-03-01
天津市,中国,136,,111,3,2020-03-01
海南省,中国,168,,149,5,2020-03-01
浙江省,中国,1206,,1069,1,2020-03-02
韩国,韩国,4335,,30,22,2020-03-02
上海市,中国,337,,292,3,2020-03-02
江苏省,中国,631,,543,0,2020-03-02
湖南省,中国,1018,,887,4,2020-03-02
广东省,中国,1350,,1059,7,2020-03-02
河南省,中国,1272,,1205,22,2020-03-02
意大利,意大利,1694,,83,34,2020-03-02
伊朗,伊朗,1501,,175,66,2020-03-02
钻石公主号邮轮,钻石公主号邮轮,706,,0,6,2020-03-02
日本,日本,274,,41,6,2020-03-02
西班牙,西班牙,84,,2,0,2020-03-02
法国,法国,130,,12,2,2020-03-02
德国,德国,130,,14,0,2020-03-02
美国,美国,77,,3,1,2020-03-02
巴林,巴林,47,,0,0,2020-03-02
科威特,科威特,46,,0,0,2020-03-02
新加坡,新加坡,106,,74,0,2020-03-02
英国,英国,36,,8,0,2020-03-02
瑞士,瑞士,27,,0,0,2020-03-02
加拿大,加拿大,24,,4,0,2020-03-02
伊拉克,伊拉克,19,,0,0,2020-03-02
挪威,挪威,19,,0,0,2020-03-02
阿联酋,阿联酋,21,,5,0,2020-03-02
奥地利,奥地利,14,,0,0,2020-03-02
澳大利亚,澳大利亚,29,,15,1,2020-03-02
瑞典,瑞典,13,,0,0,2020-03-02
泰国,泰国,43,,31,1,2020-03-02
马来西亚,马来西亚,29,,18,0,2020-03-02
荷兰,荷兰,10,,0,0,2020-03-02
以色列,以色列,10,,1,0,2020-03-02
克罗地亚,克罗地亚,7,,0,0,2020-03-02
希腊,希腊,7,,0,0,2020-03-02
厄瓜多尔,厄瓜多尔,6,,0,0,2020-03-02
芬兰,芬兰,6,,1,0,2020-03-02
阿曼,阿曼,6,,1,0,2020-03-02
墨西哥,墨西哥,5,,0,0,2020-03-02
巴基斯坦,巴基斯坦,4,,0,0,2020-03-02
黎巴嫩,黎巴嫩,3,,0,0,2020-03-02
罗马尼亚,罗马尼亚,3,,0,0,2020-03-02
丹麦,丹麦,3,,0,0,2020-03-02
白俄罗斯,白俄罗斯,1,,0,0,2020-03-02
阿塞拜疆,阿塞拜疆,3,,0,0,2020-03-02
捷克,捷克,3,,0,0,2020-03-02
格鲁吉亚,格鲁吉亚,3,,0,0,2020-03-02
巴西,巴西,2,,0,0,2020-03-02
印度尼西亚,印度尼西亚,2,,0,0,2020-03-02
菲律宾,菲律宾,3,,1,1,2020-03-02
比利时,比利时,2,,1,0,2020-03-02
埃及,埃及,2,,1,0,2020-03-02
阿富汗,阿富汗,1,,0,0,2020-03-02
阿尔及利亚,阿尔及利亚,1,,0,0,2020-03-02
爱沙尼亚,爱沙尼亚,1,,0,0,2020-03-02
北马其顿,北马其顿,1,,0,0,2020-03-02
尼日利亚,尼日利亚,1,,0,0,2020-03-02
立陶宛,立陶宛,1,,0,0,2020-03-02
新西兰,新西兰,1,,0,0,2020-03-02
冰岛,冰岛,1,,0,0,2020-03-02
摩纳哥,摩纳哥,1,,0,0,2020-03-02
卡塔尔,卡塔尔,1,,0,0,2020-03-02
爱尔兰,爱尔兰,1,,0,0,2020-03-02
卢森堡,卢森堡,1,,0,0,2020-03-02
圣马力诺,圣马力诺,1,,0,0,2020-03-02
亚美尼亚,亚美尼亚,1,,0,0,2020-03-02
多米尼加,多米尼加,1,,0,0,2020-03-02
安道尔,安道尔,1,,0,0,2020-03-02
越南,越南,16,,16,0,2020-03-02
尼泊尔,尼泊尔,1,,1,0,2020-03-02
柬埔寨,柬埔寨,1,,1,0,2020-03-02
斯里兰卡,斯里兰卡,1,,1,0,2020-03-02
印度,印度尼西亚,2,,0,0,2020-03-02
俄罗斯,白俄罗斯,2,,2,0,2020-03-02
俄罗斯,俄罗斯,2,,2,0,2020-03-02
内蒙古自治区,中国,75,,54,0,2020-03-02
四川省,中国,538,,386,3,2020-03-02
山东省,中国,758,,460,6,2020-03-02
湖北省,中国,67103,,33934,2803,2020-03-02
广西壮族自治区,中国,252,,192,2,2020-03-02
黑龙江省,中国,480,,356,13,2020-03-02
辽宁省,中国,122,,103,1,2020-03-02
河北省,中国,318,,296,6,2020-03-02
香港,中国,98,,36,2,2020-03-02
重庆市,中国,576,,450,6,2020-03-02
山西省,中国,133,,117,0,2020-03-02
新疆维吾尔自治区,中国,76,,66,3,2020-03-02
安徽省,中国,990,,917,6,2020-03-02
吉林省,中国,93,,83,1,2020-03-02
甘肃省,中国,91,,85,2,2020-03-02
福建省,中国,296,,255,1,2020-03-02
陕西省,中国,245,,216,1,2020-03-02
北京市,中国,414,,282,8,2020-03-02
台湾,中国,41,,12,1,2020-03-02
云南省,中国,174,,168,2,2020-03-02
宁夏回族自治区,中国,74,,69,0,2020-03-02
江西省,中国,935,,850,1,2020-03-02
贵州省,中国,146,,114,2,2020-03-02
浙江省,中国,1213,0.0,1074,1,2020-03-03
韩国,韩国,4812,,30,29,2020-03-03
上海市,中国,338,,292,3,2020-03-03
江苏省,中国,631,,555,0,2020-03-03
湖南省,中国,1018,,892,4,2020-03-03
广东省,中国,1350,,1081,7,2020-03-03
河南省,中国,1272,,1223,22,2020-03-03
意大利,意大利,2036,,149,52,2020-03-03
伊朗,伊朗,1501,,175,66,2020-03-03
钻石公主号邮轮,钻石公主号邮轮,706,,0,6,2020-03-03
日本,日本,274,,41,6,2020-03-03
西班牙,西班牙,123,,2,0,2020-03-03
法国,法国,130,,12,2,2020-03-03
德国,德国,130,,14,0,2020-03-03
美国,美国,96,,3,4,2020-03-03
巴林,巴林,47,,0,0,2020-03-03
科威特,科威特,46,,0,0,2020-03-03
新加坡,新加坡,106,,74,0,2020-03-03
英国,英国,36,,8,0,2020-03-03
瑞士,瑞士,27,,0,0,2020-03-03
加拿大,加拿大,24,,4,0,2020-03-03
伊拉克,伊拉克,19,,0,0,2020-03-03
挪威,挪威,19,,0,0,2020-03-03
阿联酋,阿联酋,21,,5,0,2020-03-03
奥地利,奥地利,14,,0,0,2020-03-03
澳大利亚,澳大利亚,29,,15,1,2020-03-03
瑞典,瑞典,13,,0,0,2020-03-03
泰国,泰国,43,,31,1,2020-03-03
马来西亚,马来西亚,29,,18,0,2020-03-03
荷兰,荷兰,10,,0,0,2020-03-03
以色列,以色列,10,,1,0,2020-03-03
克罗地亚,克罗地亚,7,,0,0,2020-03-03
希腊,希腊,7,,0,0,2020-03-03
厄瓜多尔,厄瓜多尔,6,,0,0,2020-03-03
芬兰,芬兰,6,,1,0,2020-03-03
阿曼,阿曼,6,,1,0,2020-03-03
墨西哥,墨西哥,5,,0,0,2020-03-03
巴基斯坦,巴基斯坦,4,,0,0,2020-03-03
黎巴嫩,黎巴嫩,3,,0,0,2020-03-03
罗马尼亚,罗马尼亚,3,,0,0,2020-03-03
丹麦,丹麦,3,,0,0,2020-03-03
白俄罗斯,白俄罗斯,3,,0,0,2020-03-03
阿塞拜疆,阿塞拜疆,3,,0,0,2020-03-03
捷克,捷克,3,,0,0,2020-03-03
格鲁吉亚,格鲁吉亚,3,,0,0,2020-03-03
巴西,巴西,2,,0,0,2020-03-03
印度尼西亚,印度尼西亚,2,,0,0,2020-03-03
菲律宾,菲律宾,3,,1,1,2020-03-03
比利时,比利时,2,,1,0,2020-03-03
埃及,埃及,2,,1,0,2020-03-03
阿富汗,阿富汗,1,,0,0,2020-03-03
阿尔及利亚,阿尔及利亚,1,,0,0,2020-03-03
爱沙尼亚,爱沙尼亚,1,,0,0,2020-03-03
北马其顿,北马其顿,1,,0,0,2020-03-03
尼日利亚,尼日利亚,1,,0,0,2020-03-03
立陶宛,立陶宛,1,,0,0,2020-03-03
新西兰,新西兰,1,,0,0,2020-03-03
冰岛,冰岛,1,,0,0,2020-03-03
摩纳哥,摩纳哥,1,,0,0,2020-03-03
卡塔尔,卡塔尔,1,,0,0,2020-03-03
爱尔兰,爱尔兰,1,,0,0,2020-03-03
卢森堡,卢森堡,1,,0,0,2020-03-03
圣马力诺,圣马力诺,1,,0,0,2020-03-03
亚美尼亚,亚美尼亚,1,,0,0,2020-03-03
多米尼加,多米尼加,1,,0,0,2020-03-03
安道尔,安道尔,1,,0,0,2020-03-03
沙特阿拉伯,沙特阿拉伯,1,,0,0,2020-03-03
越南,越南,16,,16,0,2020-03-03
尼泊尔,尼泊尔,1,,1,0,2020-03-03
柬埔寨,柬埔寨,1,,1,0,2020-03-03
斯里兰卡,斯里兰卡,1,,1,0,2020-03-03
印度,印度尼西亚,3,,3,0,2020-03-03
印度,印度,3,,3,0,2020-03-03
俄罗斯,白俄罗斯,3,,2,0,2020-03-03
俄罗斯,俄罗斯,3,,2,0,2020-03-03
内蒙古自治区,中国,75,,54,1,2020-03-03
四川省,中国,538,,389,3,2020-03-03
山东省,中国,758,,497,6,2020-03-03
湖北省,中国,67217,,36167,2834,2020-03-03
广西壮族自治区,中国,252,,202,2,2020-03-03
黑龙江省,中国,480,,358,13,2020-03-03
辽宁省,中国,125,,103,1,2020-03-03
河北省,中国,318,,297,6,2020-03-03
香港,中国,100,,36,2,2020-03-03
重庆市,中国,576,,469,6,2020-03-03
山西省,中国,133,,119,0,2020-03-03
河南省,中国,5,,0,0,2020-01-23
湖北省,中国,375,,25,9,2020-01-23
河北省,中国,1,,0,0,2020-01-23
山西省,中国,1,,0,0,2020-01-23
台湾,中国,1,,0,0,2020-01-23
云南省,中国,1,,0,0,2020-01-23
宁夏回族自治区,中国,1,,0,0,2020-01-23
天津市,中国,4,,0,0,2020-01-23
澳门,中国,2,,0,0,2020-01-25
香港,中国,5,,0,0,2020-01-26
吉林省,中国,4,,0,0,2020-01-26
青海省,中国,1,,0,0,2020-01-26
韩国,韩国,4,,0,0,2020-01-28
法国,法国,3,,0,0,2020-01-28
美国,美国,5,,0,0,2020-01-28
加拿大,加拿大,1,,0,0,2020-01-28
澳大利亚,澳大利亚,5,,0,0,2020-01-28
马来西亚,马来西亚,3,,0,0,2020-01-28
越南,越南,2,,0,0,2020-01-28
尼泊尔,尼泊尔,1,,0,0,2020-01-28
柬埔寨,柬埔寨,1,,0,0,2020-01-28
香港,中国,8,,0,0,2020-01-28
青海省,中国,6,,0,0,2020-01-28
韩国,韩国,4,,0,0,2020-01-29
日本,日本,7,,1,0,2020-01-29
美国,美国,5,,0,0,2020-01-29
泰国,泰国,14,,5,0,2020-01-29
越南,越南,2,,0,0,2020-01-29
尼泊尔,尼泊尔,1,,0,0,2020-01-29
柬埔寨,柬埔寨,1,,0,0,2020-01-29
斯里兰卡,斯里兰卡,1,,0,0,2020-01-29
台湾,中国,8,,0,0,2020-01-29
澳门,中国,7,,0,0,2020-01-29
青海省,中国,6,,0,0,2020-01-29
韩国,韩国,4,,0,0,2020-01-30
德国,德国,4,,0,0,2020-01-30
美国,美国,5,,0,0,2020-01-30
新加坡,新加坡,10,,0,0,2020-01-30
加拿大,加拿大,3,,0,0,2020-01-30
泰国,泰国,14,,5,0,2020-01-30
越南,越南,2,,0,0,2020-01-30
尼泊尔,尼泊尔,1,,0,0,2020-01-30
柬埔寨,柬埔寨,1,,0,0,2020-01-30
斯里兰卡,斯里兰卡,1,,0,0,2020-01-30
香港,中国,10,,0,0,2020-01-30
澳门,中国,7,,0,0,2020-01-30
法国,法国,5,,0,0,2020-01-31
加拿大,加拿大,3,,0,0,2020-01-31
阿联酋,阿联酋,4,,0,0,2020-01-31
马来西亚,马来西亚,8,,0,0,2020-01-31
芬兰,芬兰,1,,0,0,2020-01-31
越南,越南,2,,0,0,2020-01-31
尼泊尔,尼泊尔,1,,0,0,2020-01-31
柬埔寨,柬埔寨,1,,0,0,2020-01-31
斯里兰卡,斯里兰卡,1,,0,0,2020-01-31
印度,印度,1,,0,0,2020-01-31
澳门,中国,7,,0,0,2020-01-31
西藏自治区,中国,1,,0,0,2020-01-31
台湾,中国,10,,0,0,2020-02-01
贵州省,中国,29,,2,0,2020-02-01
澳门,中国,7,,0,0,2020-02-01
西藏自治区,中国,1,,0,0,2020-02-01
意大利,意大利,2,,0,0,2020-02-02
日本,日本,20,,1,0,2020-02-02
西班牙,西班牙,7,,0,0,2020-02-02
法国,法国,6,,0,0,2020-02-02
英国,英国,2,,0,0,2020-02-02
加拿大,加拿大,4,,0,0,2020-02-02
瑞典,瑞典,1,,0,0,2020-02-02
泰国,泰国,19,,5,0,2020-02-02
马来西亚,马来西亚,8,,0,0,2020-02-02
芬兰,芬兰,1,,0,0,2020-02-02
越南,越南,6,,1,0,2020-02-02
尼泊尔,尼泊尔,1,,0,0,2020-02-02
柬埔寨,柬埔寨,1,,0,0,2020-02-02
斯里兰卡,斯里兰卡,1,,0,0,2020-02-02
俄罗斯,俄罗斯,2,,0,0,2020-02-02
台湾,中国,10,,0,0,2020-02-02
韩国,韩国,15,,0,0,2020-02-03
意大利,意大利,2,,0,0,2020-02-03
日本,日本,20,,1,0,2020-02-03
西班牙,西班牙,7,,0,0,2020-02-03
法国,法国,6,,0,0,2020-02-03
德国,德国,10,,0,0,2020-02-03
新加坡,新加坡,18,,0,0,2020-02-03
英国,英国,2,,0,0,2020-02-03
加拿大,加拿大,4,,0,0,2020-02-03
阿联酋,阿联酋,5,,0,0,2020-02-03
澳大利亚,澳大利亚,12,,2,0,2020-02-03
瑞典,瑞典,1,,0,0,2020-02-03
泰国,泰国,19,,5,0,2020-02-03
马来西亚,马来西亚,8,,0,0,2020-02-03
芬兰,芬兰,1,,0,0,2020-02-03
菲律宾,菲律宾,2,,0,1,2020-02-03
越南,越南,6,,1,0,2020-02-03
尼泊尔,尼泊尔,1,,0,0,2020-02-03
柬埔寨,柬埔寨,1,,0,0,2020-02-03
斯里兰卡,斯里兰卡,1,,0,0,2020-02-03
印度,印度,2,,0,0,2020-02-03
俄罗斯,俄罗斯,2,,0,0,2020-02-03
台湾,中国,10,,0,0,2020-02-03
澳门,中国,8,,0,0,2020-02-03
西藏自治区,中国,1,,0,0,2020-02-03
意大利,意大利,2,,0,0,2020-02-04
日本,日本,20,,1,0,2020-02-04
西班牙,西班牙,7,,0,0,2020-02-04
法国,法国,6,,0,0,2020-02-04
英国,英国,2,,0,0,2020-02-04
加拿大,加拿大,4,,0,0,2020-02-04
阿联酋,阿联酋,5,,0,0,2020-02-04
瑞典,瑞典,1,,0,0,2020-02-04
芬兰,芬兰,1,,0,0,2020-02-04
菲律宾,菲律宾,2,,0,1,2020-02-04
尼泊尔,尼泊尔,1,,0,0,2020-02-04
柬埔寨,柬埔寨,1,,0,0,2020-02-04
斯里兰卡,斯里兰卡,1,,0,0,2020-02-04
俄罗斯,俄罗斯,2,,0,0,2020-02-04
意大利,意大利,2,,0,0,2020-02-05
西班牙,西班牙,7,,0,0,2020-02-05
法国,法国,6,,0,0,2020-02-05
德国,德国,12,,0,0,2020-02-05
美国,美国,11,,0,0,2020-02-05
新加坡,新加坡,24,,0,0,2020-02-05
英国,英国,2,,0,0,2020-02-05
阿联酋,阿联酋,5,,0,0,2020-02-05
澳大利亚,澳大利亚,13,,2,0,2020-02-05
瑞典,瑞典,1,,0,0,2020-02-05
泰国,泰国,25,,5,0,2020-02-05
芬兰,芬兰,1,,0,0,2020-02-05
菲律宾,菲律宾,2,,0,1,2020-02-05
比利时,比利时,1,,0,0,2020-02-05
越南,越南,10,,1,0,2020-02-05
尼泊尔,尼泊尔,1,,0,0,2020-02-05
柬埔寨,柬埔寨,1,,0,0,2020-02-05
斯里兰卡,斯里兰卡,1,,0,0,2020-02-05
印度,印度,3,,0,0,2020-02-05
俄罗斯,俄罗斯,2,,0,0,2020-02-05
台湾,中国,11,,0,0,2020-02-05
宁夏回族自治区,中国,34,,1,0,2020-02-05
澳门,中国,10,,0,0,2020-02-05
西藏自治区,中国,1,,0,0,2020-02-05
意大利,意大利,2,,0,0,2020-02-06
西班牙,西班牙,7,,0,0,2020-02-06
法国,法国,6,,0,0,2020-02-06
德国,德国,12,,0,0,2020-02-06
英国,英国,2,,0,0,2020-02-06
加拿大,加拿大,5,,0,0,2020-02-06
阿联酋,阿联酋,5,,0,0,2020-02-06
瑞典,瑞典,1,,0,0,2020-02-06
泰国,泰国,25,,5,0,2020-02-06
马来西亚,马来西亚,12,,0,0,2020-02-06
芬兰,芬兰,1,,0,0,2020-02-06
菲律宾,菲律宾,2,,0,1,2020-02-06
比利时,比利时,1,,0,0,2020-02-06
越南,越南,10,,1,0,2020-02-06
尼泊尔,尼泊尔,1,,0,0,2020-02-06
柬埔寨,柬埔寨,1,,0,0,2020-02-06
斯里兰卡,斯里兰卡,1,,0,0,2020-02-06
印度,印度,3,,0,0,2020-02-06
俄罗斯,俄罗斯,2,,0,0,2020-02-06
西藏自治区,中国,1,,0,0,2020-02-06
意大利,意大利,2,,0,0,2020-02-07
西班牙,西班牙,7,,0,0,2020-02-07
法国,法国,6,,0,0,2020-02-07
德国,德国,12,,0,0,2020-02-07
美国,美国,12,,0,0,2020-02-07
英国,英国,2,,0,0,2020-02-07
加拿大,加拿大,5,,0,0,2020-02-07
阿联酋,阿联酋,5,,0,0,2020-02-07
瑞典,瑞典,1,,0,0,2020-02-07
泰国,泰国,25,,5,0,2020-02-07
芬兰,芬兰,1,,0,0,2020-02-07
菲律宾,菲律宾,2,,0,1,2020-02-07
比利时,比利时,1,,0,0,2020-02-07
越南,越南,10,,1,0,2020-02-07
尼泊尔,尼泊尔,1,,0,0,2020-02-07
柬埔寨,柬埔寨,1,,0,0,2020-02-07
斯里兰卡,斯里兰卡,1,,0,0,2020-02-07
印度,印度,3,,0,0,2020-02-07
俄罗斯,俄罗斯,2,,0,0,2020-02-07
台湾,中国,16,,1,0,2020-02-07
澳门,中国,10,,1,0,2020-02-07
青海省,中国,18,,3,0,2020-02-07
西藏自治区,中国,1,,0,0,2020-02-07
韩国,韩国,24,,1,0,2020-02-08
西班牙,西班牙,7,,0,0,2020-02-08
美国,美国,12,,0,0,2020-02-08
加拿大,加拿大,5,,0,0,2020-02-08
瑞典,瑞典,1,,0,0,2020-02-08
芬兰,芬兰,1,,0,0,2020-02-08
比利时,比利时,1,,0,0,2020-02-08
尼泊尔,尼泊尔,1,,0,0,2020-02-08
柬埔寨,柬埔寨,1,,0,0,2020-02-08
斯里兰卡,斯里兰卡,1,,0,0,2020-02-08
印度,印度,3,,0,0,2020-02-08
俄罗斯,俄罗斯,2,,0,0,2020-02-08
澳门,中国,10,,1,0,2020-02-08
青海省,中国,18,,3,0,2020-02-08
西藏自治区,中国,1,,0,0,2020-02-08
意大利,意大利,3,,0,0,2020-02-09
日本,日本,89,,1,0,2020-02-09
西班牙,西班牙,7,,0,0,2020-02-09
法国,法国,11,,0,0,2020-02-09
德国,德国,14,,0,0,2020-02-09
美国,美国,12,,0,0,2020-02-09
英国,英国,3,,0,0,2020-02-09
阿联酋,阿联酋,7,,0,0,2020-02-09
澳大利亚,澳大利亚,15,,3,0,2020-02-09
瑞典,瑞典,1,,0,0,2020-02-09
泰国,泰国,32,,10,0,2020-02-09
马来西亚,马来西亚,16,,1,0,2020-02-09
芬兰,芬兰,1,,0,0,2020-02-09
菲律宾,菲律宾,3,,0,1,2020-02-09
比利时,比利时,1,,0,0,2020-02-09
越南,越南,13,,1,0,2020-02-09
尼泊尔,尼泊尔,1,,0,0,2020-02-09
柬埔寨,柬埔寨,1,,0,0,2020-02-09
斯里兰卡,斯里兰卡,1,,0,0,2020-02-09
印度,印度,3,,0,0,2020-02-09
俄罗斯,俄罗斯,2,,0,0,2020-02-09
澳门,中国,10,,1,0,2020-02-09
青海省,中国,18,,3,0,2020-02-09
西藏自治区,中国,1,,0,0,2020-02-09
台湾,中国,18,,1,0,2020-02-10
澳门,中国,10,,1,0,2020-02-10
青海省,中国,18,,3,0,2020-02-10
西藏自治区,中国,1,,0,0,2020-02-10
内蒙古自治区,中国,58,,5,0,2020-02-11
台湾,中国,18,,1,0,2020-02-11
澳门,中国,10,,1,0,2020-02-11
西藏自治区,中国,1,,0,0,2020-02-11
台湾,中国,18,,1,0,2020-02-12
甘肃省,中国,90,,39,2,2020-02-14
澳门,中国,10,,3,0,2020-02-14
青海省,中国,18,,11,0,2020-02-14
西藏自治区,中国,1,,1,0,2020-02-14
香港,中国,56,,1,1,2020-02-15
台湾,中国,18,,2,0,2020-02-15
澳门,中国,10,,3,0,2020-02-15
西藏自治区,中国,1,,1,0,2020-02-15
宁夏回族自治区,中国,70,,33,0,2020-02-16
青海省,中国,18,,13,0,2020-02-16
西藏自治区,中国,1,,1,0,2020-02-16
意大利,意大利,3,,0,0,2020-02-17
西班牙,西班牙,2,,0,0,2020-02-17
瑞典,瑞典,1,,0,0,2020-02-17
芬兰,芬兰,1,,1,0,2020-02-17
菲律宾,菲律宾,3,,1,1,2020-02-17
尼泊尔,尼泊尔,1,,0,0,2020-02-17
柬埔寨,柬埔寨,1,,1,0,2020-02-17
斯里兰卡,斯里兰卡,1,,0,0,2020-02-17
澳门,中国,10,,5,0,2020-02-17
青海省,中国,18,,13,0,2020-02-17
西藏自治区,中国,1,,1,0,2020-02-17
意大利,意大利,3,,0,0,2020-02-18
西班牙,西班牙,2,,0,0,2020-02-18
德国,德国,16,,1,0,2020-02-18
美国,美国,15,,3,0,2020-02-18
加拿大,加拿大,8,,2,0,2020-02-18
瑞典,瑞典,1,,0,0,2020-02-18
芬兰,芬兰,1,,1,0,2020-02-18
菲律宾,菲律宾,3,,1,1,2020-02-18
埃及,埃及,1,,0,0,2020-02-18
越南,越南,16,,7,0,2020-02-18
尼泊尔,尼泊尔,1,,0,0,2020-02-18
柬埔寨,柬埔寨,1,,1,0,2020-02-18
斯里兰卡,斯里兰卡,1,,0,0,2020-02-18
俄罗斯,俄罗斯,2,,2,0,2020-02-18
台湾,中国,22,,2,1,2020-02-18
澳门,中国,10,,5,0,2020-02-18
西藏自治区,中国,1,,1,0,2020-02-18
意大利,意大利,3,,0,0,2020-02-19
德国,德国,16,,1,0,2020-02-19
美国,美国,15,,3,0,2020-02-19
加拿大,加拿大,8,,2,0,2020-02-19
瑞典,瑞典,1,,0,0,2020-02-19
芬兰,芬兰,1,,1,0,2020-02-19
菲律宾,菲律宾,3,,1,1,2020-02-19
埃及,埃及,1,,0,0,2020-02-19
越南,越南,16,,7,0,2020-02-19
柬埔寨,柬埔寨,1,,1,0,2020-02-19
俄罗斯,俄罗斯,2,,2,0,2020-02-19
澳门,中国,10,,5,0,2020-02-19
西藏自治区,中国,1,,1,0,2020-02-19
意大利,意大利,3,,0,0,2020-02-20
瑞典,瑞典,1,,0,0,2020-02-20
芬兰,芬兰,1,,1,0,2020-02-20
菲律宾,菲律宾,3,,1,1,2020-02-20
柬埔寨,柬埔寨,1,,1,0,2020-02-20
青海省,中国,18,,16,0,2020-02-20
西藏自治区,中国,1,,1,0,2020-02-20
意大利,意大利,3,,0,0,2020-02-21
法国,法国,12,,4,1,2020-02-21
美国,美国,15,,3,0,2020-02-21
英国,英国,9,,8,0,2020-02-21
加拿大,加拿大,8,,2,0,2020-02-21
阿联酋,阿联酋,9,,4,0,2020-02-21
瑞典,瑞典,1,,0,0,2020-02-21
芬兰,芬兰,1,,1,0,2020-02-21
菲律宾,菲律宾,3,,1,1,2020-02-21
比利时,比利时,1,,1,0,2020-02-21
埃及,埃及,1,,0,0,2020-02-21
柬埔寨,柬埔寨,1,,1,0,2020-02-21
印度,印度,3,,3,0,2020-02-21
俄罗斯,俄罗斯,2,,2,0,2020-02-21
澳门,中国,10,,6,0,2020-02-21
西藏自治区,中国,1,,1,0,2020-02-21
法国,法国,12,,4,1,2020-02-22
英国,英国,9,,8,0,2020-02-22
加拿大,加拿大,8,,2,0,2020-02-22
瑞典,瑞典,1,,0,0,2020-02-22
芬兰,芬兰,1,,1,0,2020-02-22
菲律宾,菲律宾,3,,1,1,2020-02-22
比利时,比利时,1,,1,0,2020-02-22
埃及,埃及,1,,0,0,2020-02-22
柬埔寨,柬埔寨,1,,1,0,2020-02-22
印度,印度,3,,3,0,2020-02-22
俄罗斯,俄罗斯,2,,2,0,2020-02-22
甘肃省,中国,91,,76,2,2020-02-22
台湾,中国,26,,2,1,2020-02-22
宁夏回族自治区,中国,71,,48,0,2020-02-22
澳门,中国,10,,6,0,2020-02-22
青海省,中国,18,,18,0,2020-02-22
西藏自治区,中国,1,,1,0,2020-02-22
西班牙,西班牙,2,,2,0,2020-02-23
法国,法国,12,,4,1,2020-02-23
英国,英国,9,,8,0,2020-02-23
加拿大,加拿大,8,,2,0,2020-02-23
瑞典,瑞典,1,,0,0,2020-02-23
马来西亚,马来西亚,22,,15,0,2020-02-23
芬兰,芬兰,1,,1,0,2020-02-23
菲律宾,菲律宾,3,,1,1,2020-02-23
比利时,比利时,1,,1,0,2020-02-23
埃及,埃及,1,,0,0,2020-02-23
尼泊尔,尼泊尔,1,,1,0,2020-02-23
柬埔寨,柬埔寨,1,,1,0,2020-02-23
斯里兰卡,斯里兰卡,1,,1,0,2020-02-23
印度,印度,3,,3,0,2020-02-23
俄罗斯,俄罗斯,2,,2,0,2020-02-23
西班牙,西班牙,2,,2,0,2020-02-24
法国,法国,12,,4,1,2020-02-24
瑞典,瑞典,1,,0,0,2020-02-24
芬兰,芬兰,1,,1,0,2020-02-24
菲律宾,菲律宾,3,,1,1,2020-02-24
比利时,比利时,1,,1,0,2020-02-24
埃及,埃及,1,,0,0,2020-02-24
越南,越南,16,,14,0,2020-02-24
尼泊尔,尼泊尔,1,,1,0,2020-02-24
柬埔寨,柬埔寨,1,,1,0,2020-02-24
斯里兰卡,斯里兰卡,1,,1,0,2020-02-24
印度,印度,3,,3,0,2020-02-24
俄罗斯,俄罗斯,2,,2,0,2020-02-24
贵州省,中国,146,,102,2,2020-02-24
澳门,中国,10,,6,0,2020-02-24
青海省,中国,18,,18,0,2020-02-24
西藏自治区,中国,1,,1,0,2020-02-24
瑞典,瑞典,1,,0,0,2020-02-25
芬兰,芬兰,1,,1,0,2020-02-25
菲律宾,菲律宾,3,,1,1,2020-02-25
比利时,比利时,1,,1,0,2020-02-25
埃及,埃及,1,,0,0,2020-02-25
尼泊尔,尼泊尔,1,,1,0,2020-02-25
柬埔寨,柬埔寨,1,,1,0,2020-02-25
斯里兰卡,斯里兰卡,1,,1,0,2020-02-25
印度,印度,3,,3,0,2020-02-25
俄罗斯,俄罗斯,2,,2,0,2020-02-25
内蒙古自治区,中国,75,,34,0,2020-02-25
新疆维吾尔自治区,中国,76,,30,2,2020-02-25
甘肃省,中国,91,,80,2,2020-02-25
青海省,中国,18,,18,0,2020-02-25
西藏自治区,中国,1,,1,0,2020-02-25
贵州省,中国,146,,104,2,2020-02-26
澳门,中国,10,,7,0,2020-02-26
青海省,中国,18,,18,0,2020-02-26
西藏自治区,中国,1,,1,0,2020-02-26
阿联酋,阿联酋,13,,4,0,2020-02-27
菲律宾,菲律宾,3,,1,1,2020-02-27
比利时,比利时,1,,1,0,2020-02-27
埃及,埃及,1,,0,0,2020-02-27
尼泊尔,尼泊尔,1,,1,0,2020-02-27
柬埔寨,柬埔寨,1,,1,0,2020-02-27
斯里兰卡,斯里兰卡,1,,1,0,2020-02-27
印度,印度,3,,3,0,2020-02-27
俄罗斯,俄罗斯,2,,2,0,2020-02-27
甘肃省,中国,91,,81,2,2020-02-27
台湾,中国,32,,5,1,2020-02-27
青海省,中国,18,,18,0,2020-02-27
西藏自治区,中国,1,,1,0,2020-02-27
菲律宾,菲律宾,3,,1,1,2020-02-28
比利时,比利时,1,,1,0,2020-02-28
尼泊尔,尼泊尔,1,,1,0,2020-02-28
柬埔寨,柬埔寨,1,,1,0,2020-02-28
斯里兰卡,斯里兰卡,1,,1,0,2020-02-28
印度,印度,3,,3,0,2020-02-28
辽宁省,中国,121,,93,1,2020-02-28
宁夏回族自治区,中国,72,,68,0,2020-02-28
贵州省,中国,146,,112,2,2020-02-28
澳门,中国,10,,8,0,2020-02-28
青海省,中国,18,,18,0,2020-02-28
西藏自治区,中国,1,,1,0,2020-02-28
香港,中国,94,,30,2,2020-02-29
甘肃省,中国,91,,82,2,2020-02-29
贵州省,中国,146,,112,2,2020-02-29
澳门,中国,10,,8,0,2020-02-29
青海省,中国,18,,18,0,2020-02-29
西藏自治区,中国,1,,1,0,2020-02-29
宁夏回族自治区,中国,73,,69,0,2020-03-01
贵州省,中国,146,,112,2,2020-03-01
大不列颠及北爱尔兰联合王国,大不列颠及北爱尔兰联合王国,20,,8,0,2020-03-01
英国（含北爱尔兰）,英国（含北爱尔兰）,20,,8,0,2020-03-01
澳门,中国,10,,8,0,2020-03-01
青海省,中国,18,,18,0,2020-03-01
西藏自治区,中国,1,,1,0,2020-03-01
天津市,中国,136,,111,3,2020-03-02
海南省,中国,168,,149,5,2020-03-02
大不列颠及北爱尔兰联合王国,大不列颠及北爱尔兰联合王国,20,,8,0,2020-03-02
英国（含北爱尔兰）,英国（含北爱尔兰）,20,,8,0,2020-03-02
澳门,中国,10,,8,0,2020-03-02
青海省,中国,18,,18,0,2020-03-02
西藏自治区,中国,1,,1,0,2020-03-02
新疆维吾尔自治区,中国,76,,66,3,2020-03-03
安徽省,中国,990,,917,6,2020-03-03
吉林省,中国,93,,83,1,2020-03-03
甘肃省,中国,91,,85,2,2020-03-03
福建省,中国,296,,255,1,2020-03-03
陕西省,中国,245,,216,1,2020-03-03
北京市,中国,414,,282,8,2020-03-03
台湾,中国,41,,12,1,2020-03-03
云南省,中国,174,,168,2,2020-03-03
宁夏回族自治区,中国,74,,69,0,2020-03-03
江西省,中国,935,,850,1,2020-03-03
贵州省,中国,146,,114,2,2020-03-03
天津市,中国,136,,111,3,2020-03-03
海南省,中国,168,,149,5,2020-03-03
大不列颠及北爱尔兰联合王国,大不列颠及北爱尔兰联合王国,20,,8,0,2020-03-03
英国（含北爱尔兰）,英国（含北爱尔兰）,20,,8,0,2020-03-03
澳门,中国,10,,8,0,2020-03-03
青海省,中国,18,,18,0,2020-03-03
西藏自治区,中国,1,,1,0,2020-03-03
