地区,国家,确诊,疑似,治愈,新增确诊,新增治愈,新增死亡,死亡,日期
四川省,中国,5,,0,5,0,0,0,2020-01-22
湖南省,中国,4,,0,4,0,0,0,2020-01-22
浙江省,中国,10,,0,10,0,0,0,2020-01-22
黑龙江省,中国,0,,0,0,0,0,0,2020-01-22
广西壮族自治区,中国,2,,0,2,0,0,0,2020-01-22
河北省,中国,1,,0,1,0,0,0,2020-01-22
湖北省,中国,375,,25,375,25,9,9,2020-01-22
广东省,中国,26,,0,26,0,0,0,2020-01-22
福建省,中国,1,,0,1,0,0,0,2020-01-22
河南省,中国,5,,0,5,0,0,0,2020-01-22
上海市,中国,9,,0,9,0,0,0,2020-01-22
北京市,中国,10,,0,10,0,0,0,2020-01-22
山东省,中国,2,,0,2,0,0,0,2020-01-22
台湾,中国,1,,0,1,0,0,0,2020-01-22
安徽省,中国,1,,0,1,0,0,0,2020-01-22
吉林省,中国,0,,0,0,0,0,0,2020-01-22
云南省,中国,1,,0,1,0,0,0,2020-01-22
辽宁省,中国,2,,0,2,0,0,0,2020-01-22
宁夏回族自治区,中国,1,,0,1,0,0,0,2020-01-22
江西省,中国,2,,0,2,0,0,0,2020-01-22
香港,中国,0,,0,0,0,0,0,2020-01-22
贵州省,中国,1,,0,1,0,0,0,2020-01-22
重庆市,中国,6,,0,6,0,0,0,2020-01-22
山西省,中国,1,,0,1,0,0,0,2020-01-22
天津市,中国,4,,0,4,0,0,0,2020-01-22
海南省,中国,4,,0,4,0,0,0,2020-01-22
澳门,中国,1,,0,1,0,0,0,2020-01-22
四川省,中国,8,,0,3,0,0,0,2020-01-23
湖南省,中国,9,,0,5,0,0,0,2020-01-23
内蒙古自治区,中国,0,,0,0,0,0,0,2020-01-23
浙江省,中国,27,,0,17,0,0,0,2020-01-23
黑龙江省,中国,2,,0,2,0,0,0,2020-01-23
广西壮族自治区,中国,5,,0,3,0,0,0,2020-01-23
广东省,中国,32,,2,6,2,0,0,2020-01-23
福建省,中国,5,,0,4,0,0,0,2020-01-23
上海市,中国,16,,0,7,0,0,0,2020-01-23
陕西省,中国,3,,0,3,0,0,0,2020-01-23
北京市,中国,22,,0,12,0,0,0,2020-01-23
山东省,中国,6,,0,4,0,0,0,2020-01-23
安徽省,中国,9,,0,8,0,0,0,2020-01-23
吉林省,中国,1,,0,1,0,0,0,2020-01-23
江苏省,中国,5,,0,5,0,0,0,2020-01-23
辽宁省,中国,3,,0,1,0,0,0,2020-01-23
甘肃省,中国,2,,0,2,0,0,0,2020-01-23
江西省,中国,3,,0,1,0,0,0,2020-01-23
香港,中国,2,,0,2,0,0,0,2020-01-23
贵州省,中国,3,,0,2,0,0,0,2020-01-23
重庆市,中国,9,,0,3,0,0,0,2020-01-23
海南省,中国,5,,0,1,0,0,0,2020-01-23
新疆维吾尔自治区,中国,2,,0,2,0,0,0,2020-01-23
澳门,中国,2,,0,1,0,0,0,2020-01-23
四川省,中国,15,,0,7,0,0,0,2020-01-24
湖南省,中国,24,,0,15,0,0,0,2020-01-24
内蒙古自治区,中国,2,,0,2,0,0,0,2020-01-24
浙江省,中国,43,,1,16,1,0,0,2020-01-24
黑龙江省,中国,4,,0,2,0,1,1,2020-01-24
广西壮族自治区,中国,13,,0,8,0,0,0,2020-01-24
河北省,中国,2,,0,1,0,1,1,2020-01-24
湖北省,中国,549,,31,174,6,15,24,2020-01-24
广东省,中国,53,,2,21,0,0,0,2020-01-24
福建省,中国,10,,0,5,0,0,0,2020-01-24
河南省,中国,9,,0,4,0,0,0,2020-01-24
上海市,中国,20,,1,4,1,0,0,2020-01-24
陕西省,中国,5,,0,2,0,0,0,2020-01-24
北京市,中国,36,,1,14,1,0,0,2020-01-24
山东省,中国,15,,0,9,0,0,0,2020-01-24
台湾,中国,1,,0,0,0,0,0,2020-01-24
安徽省,中国,15,,0,6,0,0,0,2020-01-24
吉林省,中国,3,,0,2,0,0,0,2020-01-24
云南省,中国,5,,0,4,0,0,0,2020-01-24
江苏省,中国,9,,0,4,0,0,0,2020-01-24
辽宁省,中国,4,,0,1,0,0,0,2020-01-24
甘肃省,中国,2,,0,0,0,0,0,2020-01-24
宁夏回族自治区,中国,2,,0,1,0,0,0,2020-01-24
江西省,中国,7,,0,4,0,0,0,2020-01-24
香港,中国,2,,0,0,0,0,0,2020-01-24
贵州省,中国,3,,0,0,0,0,0,2020-01-24
重庆市,中国,27,,0,18,0,0,0,2020-01-24
山西省,中国,1,,0,0,0,0,0,2020-01-24
天津市,中国,8,,0,4,0,0,0,2020-01-24
海南省,中国,8,,0,3,0,0,0,2020-01-24
新疆维吾尔自治区,中国,2,,0,0,0,0,0,2020-01-24
澳门,中国,2,,0,0,0,0,0,2020-01-24
青海省,中国,0,,0,0,0,0,0,2020-01-24
四川省,中国,28,,0,13,0,0,0,2020-01-25
湖南省,中国,43,,0,19,0,0,0,2020-01-25
内蒙古自治区,中国,7,,0,5,0,0,0,2020-01-25
浙江省,中国,62,,1,19,0,0,0,2020-01-25
黑龙江省,中国,9,,0,5,0,0,1,2020-01-25
广西壮族自治区,中国,23,,0,10,0,0,0,2020-01-25
河北省,中国,8,,0,6,0,0,1,2020-01-25
湖北省,中国,730,,32,181,1,15,39,2020-01-25
广东省,中国,78,,2,25,0,0,0,2020-01-25
福建省,中国,18,,0,8,0,0,0,2020-01-25
河南省,中国,32,,0,23,0,0,0,2020-01-25
上海市,中国,33,,1,13,0,0,0,2020-01-25
陕西省,中国,15,,0,10,0,0,0,2020-01-25
北京市,中国,41,,2,5,1,0,0,2020-01-25
山东省,中国,27,,0,12,0,0,0,2020-01-25
台湾,中国,3,,0,2,0,0,0,2020-01-25
安徽省,中国,39,,0,24,0,0,0,2020-01-25
吉林省,中国,4,,0,1,0,0,0,2020-01-25
云南省,中国,11,,0,6,0,0,0,2020-01-25
江苏省,中国,18,,1,9,1,0,0,2020-01-25
辽宁省,中国,16,,0,12,0,0,0,2020-01-25
甘肃省,中国,4,,0,2,0,0,0,2020-01-25
宁夏回族自治区,中国,3,,0,1,0,0,0,2020-01-25
江西省,中国,18,,0,11,0,0,0,2020-01-25
香港,中国,5,,0,3,0,0,0,2020-01-25
贵州省,中国,4,,0,1,0,0,0,2020-01-25
重庆市,中国,57,,0,30,0,0,0,2020-01-25
山西省,中国,6,,0,5,0,0,0,2020-01-25
天津市,中国,10,,0,2,0,0,0,2020-01-25
海南省,中国,19,,0,11,0,0,0,2020-01-25
新疆维吾尔自治区,中国,3,,0,1,0,0,0,2020-01-25
青海省,中国,1,,0,1,0,0,0,2020-01-25
四川省,中国,44,,0,16,0,0,0,2020-01-26
湖南省,中国,69,,0,26,0,0,0,2020-01-26
内蒙古自治区,中国,7,,0,0,0,0,0,2020-01-26
浙江省,中国,104,,1,42,0,0,0,2020-01-26
黑龙江省,中国,15,,0,6,0,0,1,2020-01-26
广西壮族自治区,中国,36,,0,13,0,0,0,2020-01-26
河北省,中国,13,,0,5,0,0,1,2020-01-26
湖北省,中国,1058,,42,328,10,13,52,2020-01-26
广东省,中国,111,,2,33,0,0,0,2020-01-26
福建省,中国,35,,0,17,0,0,0,2020-01-26
河南省,中国,83,,0,51,0,1,1,2020-01-26
上海市,中国,40,,1,7,0,1,1,2020-01-26
陕西省,中国,22,,0,7,0,0,0,2020-01-26
北京市,中国,68,,2,27,0,0,0,2020-01-26
山东省,中国,46,,0,19,0,0,0,2020-01-26
台湾,中国,4,,0,1,0,0,0,2020-01-26
安徽省,中国,60,,0,21,0,0,0,2020-01-26
云南省,中国,16,,0,5,0,0,0,2020-01-26
江苏省,中国,33,,1,15,0,0,0,2020-01-26
辽宁省,中国,21,,0,5,0,0,0,2020-01-26
甘肃省,中国,7,,0,3,0,0,0,2020-01-26
宁夏回族自治区,中国,4,,0,1,0,0,0,2020-01-26
江西省,中国,36,,0,18,0,0,0,2020-01-26
贵州省,中国,5,,0,1,0,0,0,2020-01-26
重庆市,中国,75,,0,18,0,0,0,2020-01-26
山西省,中国,9,,0,3,0,0,0,2020-01-26
天津市,中国,14,,0,4,0,0,0,2020-01-26
海南省,中国,22,,0,3,0,0,0,2020-01-26
新疆维吾尔自治区,中国,4,,0,1,0,0,0,2020-01-26
澳门,中国,5,,0,3,0,0,0,2020-01-26
四川省,中国,69,,0,25,0,0,0,2020-01-27
湖南省,中国,100,,0,31,0,0,0,2020-01-27
内蒙古自治区,中国,11,,0,4,0,0,0,2020-01-27
浙江省,中国,128,,1,24,0,0,0,2020-01-27
黑龙江省,中国,21,,0,6,0,0,1,2020-01-27
广西壮族自治区,中国,46,,0,10,0,0,0,2020-01-27
河北省,中国,18,,0,5,0,0,1,2020-01-27
湖北省,中国,1423,,47,365,5,24,76,2020-01-27
广东省,中国,151,,3,40,1,0,0,2020-01-27
福建省,中国,59,,0,24,0,0,0,2020-01-27
河南省,中国,128,,0,45,0,0,1,2020-01-27
上海市,中国,53,,3,13,2,0,1,2020-01-27
陕西省,中国,35,,0,13,0,0,0,2020-01-27
北京市,中国,80,,2,12,0,1,1,2020-01-27
韩国,韩国,4,,0,4,0,0,0,2020-01-27
山东省,中国,75,,1,29,1,0,0,2020-01-27
台湾,中国,5,,0,1,0,0,0,2020-01-27
安徽省,中国,70,,0,10,0,0,0,2020-01-27
吉林省,中国,6,,0,2,0,0,0,2020-01-27
云南省,中国,26,,0,10,0,0,0,2020-01-27
美国,美国,5,,0,5,0,0,0,2020-01-27
泰国,泰国,7,,2,7,2,0,0,2020-01-27
日本,日本,4,,1,4,1,0,0,2020-01-27
法国,法国,3,,0,3,0,0,0,2020-01-27
新加坡,新加坡,4,,0,4,0,0,0,2020-01-27
加拿大,加拿大,1,,0,1,0,0,0,2020-01-27
澳大利亚,澳大利亚,5,,0,5,0,0,0,2020-01-27
马来西亚,马来西亚,3,,0,3,0,0,0,2020-01-27
江苏省,中国,47,,1,14,0,0,0,2020-01-27
辽宁省,中国,27,,0,6,0,0,0,2020-01-27
甘肃省,中国,14,,0,7,0,0,0,2020-01-27
宁夏回族自治区,中国,7,,0,3,0,0,0,2020-01-27
江西省,中国,48,,1,12,1,0,0,2020-01-27
香港,中国,8,,0,3,0,0,0,2020-01-27
贵州省,中国,7,,0,2,0,0,0,2020-01-27
越南,越南,2,,0,2,0,0,0,2020-01-27
尼泊尔,尼泊尔,1,,0,1,0,0,0,2020-01-27
柬埔寨,柬埔寨,1,,0,1,0,0,0,2020-01-27
重庆市,中国,110,,0,35,0,0,0,2020-01-27
山西省,中国,13,,0,4,0,0,0,2020-01-27
天津市,中国,22,,0,8,0,0,0,2020-01-27
海南省,中国,33,,0,11,0,1,1,2020-01-27
新疆维吾尔自治区,中国,5,,0,1,0,0,0,2020-01-27
澳门,中国,6,,0,1,0,0,0,2020-01-27
青海省,中国,6,,0,5,0,0,0,2020-01-27
四川省,中国,90,,0,21,0,0,0,2020-01-28
湖南省,中国,143,,0,43,0,0,0,2020-01-28
内蒙古自治区,中国,15,,0,4,0,0,0,2020-01-28
浙江省,中国,173,,3,45,2,0,0,2020-01-28
黑龙江省,中国,30,,0,9,0,0,1,2020-01-28
广西壮族自治区,中国,51,,2,5,2,0,0,2020-01-28
河北省,中国,33,,0,15,0,0,1,2020-01-28
湖北省,中国,2714,,52,1291,5,24,100,2020-01-28
广东省,中国,207,,4,56,1,0,0,2020-01-28
福建省,中国,80,,0,21,0,0,0,2020-01-28
河南省,中国,168,,0,40,0,0,1,2020-01-28
上海市,中国,66,,4,13,1,0,1,2020-01-28
陕西省,中国,46,,0,11,0,0,0,2020-01-28
北京市,中国,91,,4,11,2,0,1,2020-01-28
山东省,中国,95,,0,20,-1,0,0,2020-01-28
台湾,中国,8,,0,3,0,0,0,2020-01-28
安徽省,中国,106,,0,36,0,0,0,2020-01-28
吉林省,中国,8,,0,2,0,0,0,2020-01-28
云南省,中国,44,,0,18,0,0,0,2020-01-28
泰国,泰国,14,,5,7,3,0,0,2020-01-28
日本,日本,7,,1,3,0,0,0,2020-01-28
德国,德国,1,,0,1,0,0,0,2020-01-28
新加坡,新加坡,5,,0,1,0,0,0,2020-01-28
江苏省,中国,70,,1,23,0,0,0,2020-01-28
辽宁省,中国,34,,0,7,0,0,0,2020-01-28
甘肃省,中国,19,,0,5,0,0,0,2020-01-28
宁夏回族自治区,中国,11,,0,4,0,0,0,2020-01-28
江西省,中国,72,,3,24,2,0,0,2020-01-28
贵州省,中国,9,,0,2,0,0,0,2020-01-28
斯里兰卡,斯里兰卡,1,,0,1,0,0,0,2020-01-28
重庆市,中国,132,,0,22,0,0,0,2020-01-28
山西省,中国,20,,0,7,0,0,0,2020-01-28
天津市,中国,24,,0,2,0,0,0,2020-01-28
海南省,中国,40,,0,7,0,0,1,2020-01-28
新疆维吾尔自治区,中国,10,,0,5,0,0,0,2020-01-28
澳门,中国,7,,0,1,0,0,0,2020-01-28
四川省,中国,108,,1,18,1,1,1,2020-01-29
湖南省,中国,221,,0,78,0,0,0,2020-01-29
内蒙古自治区,中国,16,,0,1,0,0,0,2020-01-29
浙江省,中国,296,,3,123,0,0,0,2020-01-29
黑龙江省,中国,38,,0,8,0,0,1,2020-01-29
广西壮族自治区,中国,58,,2,7,0,0,0,2020-01-29
河北省,中国,48,,0,15,0,0,1,2020-01-29
湖北省,中国,3554,,87,840,35,25,125,2020-01-29
广东省,中国,277,,5,70,1,0,0,2020-01-29
福建省,中国,84,,0,4,0,0,0,2020-01-29
河南省,中国,206,,1,38,1,1,2,2020-01-29
上海市,中国,96,,5,30,1,0,1,2020-01-29
陕西省,中国,56,,0,10,0,0,0,2020-01-29
北京市,中国,111,,4,20,0,0,1,2020-01-29
山东省,中国,130,,1,35,1,0,0,2020-01-29
安徽省,中国,152,,2,46,2,0,0,2020-01-29
吉林省,中国,9,,0,1,0,0,0,2020-01-29
云南省,中国,55,,0,11,0,0,0,2020-01-29
法国,法国,4,,0,1,0,0,0,2020-01-29
德国,德国,4,,0,3,0,0,0,2020-01-29
新加坡,新加坡,10,,0,5,0,0,0,2020-01-29
加拿大,加拿大,3,,0,2,0,0,0,2020-01-29
澳大利亚,澳大利亚,7,,0,2,0,0,0,2020-01-29
马来西亚,马来西亚,7,,0,4,0,0,0,2020-01-29
江苏省,中国,99,,1,29,0,0,0,2020-01-29
辽宁省,中国,39,,1,5,1,0,0,2020-01-29
甘肃省,中国,24,,0,5,0,0,0,2020-01-29
宁夏回族自治区,中国,12,,0,1,0,0,0,2020-01-29
江西省,中国,109,,3,37,0,0,0,2020-01-29
香港,中国,10,,0,2,0,0,0,2020-01-29
贵州省,中国,9,,1,0,1,0,0,2020-01-29
阿联酋,阿联酋,1,,0,1,0,0,0,2020-01-29
重庆市,中国,147,,1,15,1,0,0,2020-01-29
山西省,中国,27,,1,7,1,0,0,2020-01-29
天津市,中国,27,,0,3,0,0,0,2020-01-29
海南省,中国,43,,0,3,0,0,1,2020-01-29
新疆维吾尔自治区,中国,13,,0,3,0,0,0,2020-01-29
西藏自治区,中国,0,,0,0,0,0,0,2020-01-29
四川省,中国,142,,1,34,0,0,1,2020-01-30
湖南省,中国,277,,2,56,2,0,0,2020-01-30
内蒙古自治区,中国,18,,0,2,0,0,0,2020-01-30
浙江省,中国,428,,4,132,1,0,0,2020-01-30
黑龙江省,中国,44,,0,6,0,1,2,2020-01-30
广西壮族自治区,中国,78,,2,20,0,0,0,2020-01-30
河北省,中国,65,,0,17,0,0,1,2020-01-30
湖北省,中国,4903,,90,1349,3,37,162,2020-01-30
广东省,中国,354,,10,77,5,0,0,2020-01-30
福建省,中国,101,,0,17,0,0,0,2020-01-30
河南省,中国,278,,2,72,1,0,2,2020-01-30
上海市,中国,112,,5,16,0,0,1,2020-01-30
陕西省,中国,63,,0,7,0,0,0,2020-01-30
北京市,中国,114,,4,3,0,0,1,2020-01-30
山东省,中国,158,,1,28,0,0,0,2020-01-30
台湾,中国,9,,0,1,0,0,0,2020-01-30
安徽省,中国,200,,2,48,0,0,0,2020-01-30
吉林省,中国,14,,1,5,1,0,0,2020-01-30
云南省,中国,70,,0,15,0,0,0,2020-01-30
日本,日本,11,,1,4,0,0,0,2020-01-30
法国,法国,5,,0,1,0,0,0,2020-01-30
澳大利亚,澳大利亚,8,,2,1,2,0,0,2020-01-30
马来西亚,马来西亚,8,,0,1,0,0,0,2020-01-30
芬兰,芬兰,1,,0,1,0,0,0,2020-01-30
江苏省,中国,129,,1,30,0,0,0,2020-01-30
辽宁省,中国,41,,1,2,0,0,0,2020-01-30
甘肃省,中国,26,,0,2,0,0,0,2020-01-30
宁夏回族自治区,中国,17,,0,5,0,0,0,2020-01-30
江西省,中国,162,,5,53,2,0,0,2020-01-30
贵州省,中国,12,,1,3,0,0,0,2020-01-30
阿联酋,阿联酋,4,,0,3,0,0,0,2020-01-30
印度,印度,1,,0,1,0,0,0,2020-01-30
重庆市,中国,182,,1,35,0,0,0,2020-01-30
山西省,中国,35,,1,8,0,0,0,2020-01-30
天津市,中国,31,,0,4,0,0,0,2020-01-30
海南省,中国,46,,1,3,1,0,1,2020-01-30
新疆维吾尔自治区,中国,14,,0,1,0,0,0,2020-01-30
青海省,中国,8,,0,2,0,0,0,2020-01-30
西藏自治区,中国,1,,0,1,0,0,0,2020-01-30
四川省,中国,177,,1,35,0,0,1,2020-01-31
湖南省,中国,332,,2,55,0,0,0,2020-01-31
内蒙古自治区,中国,20,,1,2,1,0,0,2020-01-31
浙江省,中国,538,,14,110,10,0,0,2020-01-31
黑龙江省,中国,59,,0,15,0,0,2,2020-01-31
广西壮族自治区,中国,87,,2,9,0,0,0,2020-01-31
河北省,中国,82,,0,17,0,0,1,2020-01-31
湖北省,中国,5806,,141,903,51,42,204,2020-01-31
广东省,中国,436,,11,82,1,0,0,2020-01-31
福建省,中国,120,,0,19,0,0,0,2020-01-31
河南省,中国,352,,3,74,1,0,2,2020-01-31
上海市,中国,135,,9,23,4,0,1,2020-01-31
陕西省,中国,87,,0,24,0,0,0,2020-01-31
北京市,中国,139,,5,25,1,0,1,2020-01-31
韩国,韩国,11,,0,7,0,0,0,2020-01-31
山东省,中国,184,,2,26,1,0,0,2020-01-31
台湾,中国,10,,0,1,0,0,0,2020-01-31
安徽省,中国,237,,3,37,1,0,0,2020-01-31
吉林省,中国,14,,1,0,0,0,0,2020-01-31
云南省,中国,83,,1,13,1,0,0,2020-01-31
美国,美国,6,,0,1,0,0,0,2020-01-31
泰国,泰国,19,,5,5,0,0,0,2020-01-31
意大利,意大利,2,,0,2,0,0,0,2020-01-31
日本,日本,15,,1,4,0,0,0,2020-01-31
德国,德国,5,,0,1,0,0,0,2020-01-31
新加坡,新加坡,13,,0,3,0,0,0,2020-01-31
英国,英国,2,,0,2,0,0,0,2020-01-31
澳大利亚,澳大利亚,9,,2,1,0,0,0,2020-01-31
江苏省,中国,168,,5,39,4,0,0,2020-01-31
辽宁省,中国,48,,1,7,0,0,0,2020-01-31
甘肃省,中国,29,,0,3,0,0,0,2020-01-31
宁夏回族自治区,中国,21,,0,4,0,0,0,2020-01-31
江西省,中国,240,,7,78,2,0,0,2020-01-31
香港,中国,12,,0,2,0,0,0,2020-01-31
贵州省,中国,29,,2,17,1,0,0,2020-01-31
俄罗斯,俄罗斯,2,,0,2,0,0,0,2020-01-31
重庆市,中国,211,,1,29,0,0,0,2020-01-31
山西省,中国,39,,1,4,0,0,0,2020-01-31
天津市,中国,32,,0,1,0,0,0,2020-01-31
海南省,中国,52,,1,6,0,0,1,2020-01-31
新疆维吾尔自治区,中国,17,,0,3,0,0,0,2020-01-31
青海省,中国,8,,0,0,0,0,0,2020-01-31
四川省,中国,207,,3,30,2,0,1,2020-02-01
湖南省,中国,389,,8,57,6,0,0,2020-02-01
内蒙古自治区,中国,23,,1,3,0,0,0,2020-02-01
浙江省,中国,599,,21,61,7,0,0,2020-02-01
黑龙江省,中国,80,,2,21,2,0,2,2020-02-01
广西壮族自治区,中国,100,,2,13,0,0,0,2020-02-01
河北省,中国,96,,0,14,0,0,1,2020-02-01
湖北省,中国,7153,,168,1347,27,45,249,2020-02-01
广东省,中国,535,,14,99,3,0,0,2020-02-01
福建省,中国,144,,0,24,0,0,0,2020-02-01
河南省,中国,422,,3,70,0,0,2,2020-02-01
上海市,中国,169,,10,34,1,0,1,2020-02-01
陕西省,中国,101,,0,14,0,0,0,2020-02-01
北京市,中国,168,,9,29,4,0,1,2020-02-01
韩国,韩国,12,,0,1,0,0,0,2020-02-01
山东省,中国,206,,3,22,1,0,0,2020-02-01
安徽省,中国,297,,5,60,2,0,0,2020-02-01
吉林省,中国,17,,1,3,0,0,0,2020-02-01
云南省,中国,93,,2,10,1,0,0,2020-02-01
美国,美国,6,,0,0,0,0,0,2020-02-01
泰国,泰国,19,,5,0,0,0,0,2020-02-01
意大利,意大利,2,,0,0,0,0,0,2020-02-01
日本,日本,20,,1,5,0,0,0,2020-02-01
法国,法国,6,,0,1,0,0,0,2020-02-01
德国,德国,1,,0,-4,0,0,0,2020-02-01
西班牙,西班牙,7,,0,7,0,0,0,2020-02-01
新加坡,新加坡,16,,0,3,0,0,0,2020-02-01
英国,英国,2,,0,0,0,0,0,2020-02-01
加拿大,加拿大,4,,0,1,0,0,0,2020-02-01
澳大利亚,澳大利亚,9,,2,0,0,0,0,2020-02-01
瑞典,瑞典,1,,0,1,0,0,0,2020-02-01
马来西亚,马来西亚,8,,0,0,0,0,0,2020-02-01
芬兰,芬兰,1,,0,0,0,0,0,2020-02-01
江苏省,中国,202,,6,34,1,0,0,2020-02-01
辽宁省,中国,64,,1,16,0,0,0,2020-02-01
甘肃省,中国,40,,0,11,0,0,0,2020-02-01
宁夏回族自治区,中国,26,,0,5,0,0,0,2020-02-01
江西省,中国,286,,9,46,2,0,0,2020-02-01
香港,中国,13,,0,1,0,0,0,2020-02-01
阿联酋,阿联酋,4,,0,0,0,0,0,2020-02-01
菲律宾,菲律宾,1,,0,1,0,0,0,2020-02-01
越南,越南,6,,1,4,1,0,0,2020-02-01
尼泊尔,尼泊尔,1,,0,0,0,0,0,2020-02-01
柬埔寨,柬埔寨,1,,0,0,0,0,0,2020-02-01
斯里兰卡,斯里兰卡,1,,0,0,0,0,0,2020-02-01
印度,印度,1,,0,0,0,0,0,2020-02-01
俄罗斯,俄罗斯,2,,0,0,0,0,0,2020-02-01
重庆市,中国,247,,3,36,2,1,1,2020-02-01
山西省,中国,47,,1,8,0,0,0,2020-02-01
天津市,中国,41,,0,9,0,0,0,2020-02-01
海南省,中国,62,,1,10,0,0,1,2020-02-01
新疆维吾尔自治区,中国,18,,0,1,0,0,0,2020-02-01
青海省,中国,9,,0,1,0,0,0,2020-02-01
四川省,中国,231,,11,24,8,0,1,2020-02-02
湖南省,中国,463,,16,74,8,0,0,2020-02-02
内蒙古自治区,中国,27,,1,4,0,0,0,2020-02-02
浙江省,中国,661,,32,62,11,0,0,2020-02-02
黑龙江省,中国,95,,2,15,0,0,2,2020-02-02
广西壮族自治区,中国,111,,2,11,0,0,0,2020-02-02
河北省,中国,104,,3,8,3,0,1,2020-02-02
湖北省,中国,9074,,267,1921,99,45,294,2020-02-02
广东省,中国,632,,15,97,1,0,0,2020-02-02
福建省,中国,159,,0,15,0,0,0,2020-02-02
河南省,中国,493,,10,71,7,0,2,2020-02-02
上海市,中国,182,,10,13,0,0,1,2020-02-02
陕西省,中国,116,,0,15,0,0,0,2020-02-02
北京市,中国,191,,9,23,0,0,1,2020-02-02
韩国,韩国,15,,0,3,0,0,0,2020-02-02
山东省,中国,230,,6,24,3,0,0,2020-02-02
安徽省,中国,340,,7,43,2,0,0,2020-02-02
吉林省,中国,23,,1,6,0,0,0,2020-02-02
云南省,中国,105,,3,12,1,0,0,2020-02-02
美国,美国,8,,0,2,0,0,0,2020-02-02
德国,德国,10,,0,9,0,0,0,2020-02-02
新加坡,新加坡,18,,0,2,0,0,0,2020-02-02
澳大利亚,澳大利亚,12,,2,3,0,0,0,2020-02-02
江苏省,中国,236,,7,34,1,0,0,2020-02-02
辽宁省,中国,70,,1,6,0,0,0,2020-02-02
甘肃省,中国,40,,3,0,3,0,0,2020-02-02
宁夏回族自治区,中国,28,,0,2,0,0,0,2020-02-02
江西省,中国,333,,12,47,3,0,0,2020-02-02
香港,中国,14,,0,1,0,0,0,2020-02-02
贵州省,中国,38,,2,9,0,0,0,2020-02-02
阿联酋,阿联酋,5,,0,1,0,0,0,2020-02-02
菲律宾,菲律宾,2,,0,1,0,1,1,2020-02-02
印度,印度,2,,0,1,0,0,0,2020-02-02
重庆市,中国,275,,7,28,4,0,1,2020-02-02
山西省,中国,56,,2,9,1,0,0,2020-02-02
天津市,中国,48,,1,7,1,0,0,2020-02-02
海南省,中国,64,,4,2,3,0,1,2020-02-02
新疆维吾尔自治区,中国,21,,0,3,0,0,0,2020-02-02
澳门,中国,8,,0,1,0,0,0,2020-02-02
青海省,中国,11,,0,2,0,0,0,2020-02-02
西藏自治区,中国,1,,0,0,0,0,0,2020-02-02
四川省,中国,254,,14,23,3,0,1,2020-02-03
湖南省,中国,521,,22,58,6,0,0,2020-02-03
内蒙古自治区,中国,34,,1,7,0,0,0,2020-02-03
浙江省,中国,724,,43,63,11,0,0,2020-02-03
黑龙江省,中国,121,,2,26,0,0,2,2020-02-03
广西壮族自治区,中国,127,,7,16,5,0,0,2020-02-03
河北省,中国,113,,3,9,0,0,1,2020-02-03
湖北省,中国,11177,,300,2103,33,56,350,2020-02-03
广东省,中国,725,,21,93,6,0,0,2020-02-03
福建省,中国,179,,1,20,1,0,0,2020-02-03
河南省,中国,566,,16,73,6,0,2,2020-02-03
上海市,中国,203,,10,21,0,0,1,2020-02-03
陕西省,中国,128,,0,12,0,0,0,2020-02-03
北京市,中国,212,,12,21,3,0,1,2020-02-03
山东省,中国,259,,7,29,1,0,0,2020-02-03
安徽省,中国,408,,14,68,7,0,0,2020-02-03
吉林省,中国,31,,1,8,0,0,0,2020-02-03
云南省,中国,114,,5,9,2,0,0,2020-02-03
美国,美国,9,,0,1,0,0,0,2020-02-03
江苏省,中国,271,,8,35,1,0,0,2020-02-03
辽宁省,中国,74,,1,4,0,0,0,2020-02-03
甘肃省,中国,51,,3,11,0,0,0,2020-02-03
宁夏回族自治区,中国,31,,1,3,1,0,0,2020-02-03
江西省,中国,391,,18,58,6,0,0,2020-02-03
香港,中国,15,,0,1,0,0,0,2020-02-03
贵州省,中国,46,,2,8,0,0,0,2020-02-03
重庆市,中国,312,,8,37,1,1,2,2020-02-03
山西省,中国,66,,2,10,0,0,0,2020-02-03
天津市,中国,60,,1,12,0,0,0,2020-02-03
海南省,中国,72,,4,8,0,0,1,2020-02-03
新疆维吾尔自治区,中国,24,,0,3,0,0,0,2020-02-03
青海省,中国,13,,0,2,0,0,0,2020-02-03
四川省,中国,282,,14,28,0,0,1,2020-02-04
湖南省,中国,593,,31,72,9,0,0,2020-02-04
内蒙古自治区,中国,35,,1,1,0,0,0,2020-02-04
浙江省,中国,829,,62,105,19,0,0,2020-02-04
黑龙江省,中国,155,,4,34,2,0,2,2020-02-04
广西壮族自治区,中国,139,,10,12,3,0,0,2020-02-04
河北省,中国,126,,4,13,1,0,1,2020-02-04
湖北省,中国,13522,,397,2345,97,64,414,2020-02-04
广东省,中国,813,,30,88,9,0,0,2020-02-04
福建省,中国,194,,3,15,2,0,0,2020-02-04
河南省,中国,675,,27,109,11,0,2,2020-02-04
上海市,中国,219,,12,16,2,0,1,2020-02-04
陕西省,中国,142,,2,14,2,0,0,2020-02-04
北京市,中国,228,,23,16,11,0,1,2020-02-04
韩国,韩国,16,,0,1,0,0,0,2020-02-04
山东省,中国,275,,11,16,4,0,0,2020-02-04
台湾,中国,11,,0,1,0,0,0,2020-02-04
安徽省,中国,480,,20,72,6,0,0,2020-02-04
吉林省,中国,42,,1,11,0,0,0,2020-02-04
云南省,中国,119,,5,5,0,0,0,2020-02-04
美国,美国,11,,0,2,0,0,0,2020-02-04
泰国,泰国,25,,5,6,0,0,0,2020-02-04
德国,德国,12,,0,2,0,0,0,2020-02-04
新加坡,新加坡,24,,0,6,0,0,0,2020-02-04
澳大利亚,澳大利亚,13,,2,1,0,0,0,2020-02-04
马来西亚,马来西亚,10,,0,2,0,0,0,2020-02-04
比利时,比利时,1,,0,1,0,0,0,2020-02-04
江苏省,中国,308,,12,37,4,0,0,2020-02-04
辽宁省,中国,81,,2,7,1,0,0,2020-02-04
甘肃省,中国,57,,4,6,1,0,0,2020-02-04
宁夏回族自治区,中国,34,,1,3,0,0,0,2020-02-04
江西省,中国,476,,20,85,2,0,0,2020-02-04
香港,中国,17,,0,2,0,1,1,2020-02-04
贵州省,中国,58,,2,12,0,0,0,2020-02-04
越南,越南,10,,1,4,0,0,0,2020-02-04
印度,印度,3,,0,1,0,0,0,2020-02-04
重庆市,中国,344,,9,32,1,0,2,2020-02-04
山西省,中国,74,,4,8,2,0,0,2020-02-04
天津市,中国,67,,2,7,1,0,0,2020-02-04
海南省,中国,80,,5,8,1,0,1,2020-02-04
新疆维吾尔自治区,中国,29,,0,5,0,0,0,2020-02-04
澳门,中国,10,,0,2,0,0,0,2020-02-04
青海省,中国,15,,0,2,0,0,0,2020-02-04
西藏自治区,中国,1,,0,0,0,0,0,2020-02-04
四川省,中国,301,,24,19,10,0,1,2020-02-05
湖南省,中国,661,,54,68,23,0,0,2020-02-05
内蒙古自治区,中国,42,,3,7,2,0,0,2020-02-05
浙江省,中国,895,,78,66,16,0,0,2020-02-05
黑龙江省,中国,190,,7,35,3,0,2,2020-02-05
广西壮族自治区,中国,150,,13,11,3,0,0,2020-02-05
河北省,中国,135,,6,9,2,0,1,2020-02-05
湖北省,中国,16678,,536,3156,139,65,479,2020-02-05
广东省,中国,895,,49,82,19,0,0,2020-02-05
福建省,中国,205,,11,11,8,0,0,2020-02-05
河南省,中国,764,,47,89,20,0,2,2020-02-05
上海市,中国,243,,15,24,3,0,1,2020-02-05
陕西省,中国,165,,6,23,4,0,0,2020-02-05
北京市,中国,253,,24,25,1,0,1,2020-02-05
韩国,韩国,19,,0,3,0,0,0,2020-02-05
山东省,中国,307,,15,32,4,0,0,2020-02-05
安徽省,中国,530,,23,50,3,0,0,2020-02-05
吉林省,中国,54,,2,12,1,0,0,2020-02-05
云南省,中国,124,,5,5,0,0,0,2020-02-05
日本,日本,35,,1,15,0,0,0,2020-02-05
加拿大,加拿大,5,,0,1,0,0,0,2020-02-05
马来西亚,马来西亚,12,,0,2,0,0,0,2020-02-05
江苏省,中国,341,,23,33,11,0,0,2020-02-05
辽宁省,中国,89,,4,8,2,0,0,2020-02-05
甘肃省,中国,57,,6,0,2,0,0,2020-02-05
江西省,中国,548,,27,72,7,0,0,2020-02-05
香港,中国,21,,0,4,0,0,1,2020-02-05
贵州省,中国,64,,9,6,7,1,1,2020-02-05
重庆市,中国,376,,15,32,6,0,2,2020-02-05
山西省,中国,81,,5,7,1,0,0,2020-02-05
天津市,中国,69,,2,2,0,1,1,2020-02-05
海南省,中国,91,,5,11,0,0,1,2020-02-05
新疆维吾尔自治区,中国,32,,0,3,0,0,0,2020-02-05
青海省,中国,17,,3,2,3,0,0,2020-02-05
四川省,中国,321,,31,20,7,0,1,2020-02-06
湖南省,中国,711,,81,50,27,0,0,2020-02-06
内蒙古自治区,中国,46,,4,4,1,0,0,2020-02-06
浙江省,中国,954,,94,59,16,0,0,2020-02-06
黑龙江省,中国,227,,8,37,1,1,3,2020-02-06
广西壮族自治区,中国,168,,14,18,1,0,0,2020-02-06
河北省,中国,157,,13,22,7,0,1,2020-02-06
湖北省,中国,19665,,712,2987,176,70,549,2020-02-06
广东省,中国,970,,69,75,20,0,0,2020-02-06
福建省,中国,215,,14,10,3,0,0,2020-02-06
河南省,中国,851,,56,87,9,0,2,2020-02-06
上海市,中国,257,,25,14,10,0,1,2020-02-06
陕西省,中国,173,,9,8,3,0,0,2020-02-06
北京市,中国,274,,31,21,7,0,1,2020-02-06
韩国,韩国,23,,0,4,0,0,0,2020-02-06
山东省,中国,347,,27,40,12,0,0,2020-02-06
台湾,中国,16,,1,5,1,0,0,2020-02-06
安徽省,中国,591,,34,61,11,0,0,2020-02-06
吉林省,中国,59,,4,5,2,0,0,2020-02-06
云南省,中国,133,,7,9,2,0,0,2020-02-06
美国,美国,12,,0,1,0,0,0,2020-02-06
日本,日本,45,,1,10,0,0,0,2020-02-06
新加坡,新加坡,28,,0,4,0,0,0,2020-02-06
澳大利亚,澳大利亚,14,,2,1,0,0,0,2020-02-06
江苏省,中国,373,,34,32,11,0,0,2020-02-06
辽宁省,中国,94,,5,5,1,0,0,2020-02-06
甘肃省,中国,62,,6,5,0,0,0,2020-02-06
宁夏回族自治区,中国,40,,1,6,0,0,0,2020-02-06
江西省,中国,600,,37,52,10,0,0,2020-02-06
香港,中国,24,,0,3,0,0,1,2020-02-06
贵州省,中国,71,,6,7,-3,0,1,2020-02-06
重庆市,中国,400,,24,24,9,0,2,2020-02-06
山西省,中国,90,,12,9,7,0,0,2020-02-06
天津市,中国,78,,2,9,0,0,1,2020-02-06
海南省,中国,106,,8,15,3,0,1,2020-02-06
新疆维吾尔自治区,中国,36,,0,4,0,0,0,2020-02-06
澳门,中国,10,,1,0,1,0,0,2020-02-06
青海省,中国,18,,3,1,0,0,0,2020-02-06
四川省,中国,344,,42,23,11,0,1,2020-02-07
湖南省,中国,772,,112,61,31,0,0,2020-02-07
内蒙古自治区,中国,50,,5,4,1,0,0,2020-02-07
浙江省,中国,1006,,123,52,29,0,0,2020-02-07
黑龙江省,中国,277,,12,50,4,0,3,2020-02-07
广西壮族自治区,中国,172,,17,4,3,0,0,2020-02-07
河北省,中国,172,,22,15,9,0,1,2020-02-07
湖北省,中国,22112,,867,2447,155,69,618,2020-02-07
广东省,中国,1034,,88,64,19,1,1,2020-02-07
福建省,中国,224,,20,9,6,0,0,2020-02-07
河南省,中国,914,,86,63,30,1,3,2020-02-07
上海市,中国,277,,30,20,5,0,1,2020-02-07
陕西省,中国,184,,17,11,8,0,0,2020-02-07
北京市,中国,297,,33,23,2,0,1,2020-02-07
韩国,韩国,24,,1,1,1,0,0,2020-02-07
山东省,中国,386,,37,39,10,0,0,2020-02-07
安徽省,中国,665,,47,74,13,0,0,2020-02-07
吉林省,中国,65,,4,6,0,1,1,2020-02-07
云南省,中国,136,,13,3,6,0,0,2020-02-07
日本,日本,86,,1,41,0,0,0,2020-02-07
新加坡,新加坡,30,,0,2,0,0,0,2020-02-07
澳大利亚,澳大利亚,15,,2,1,0,0,0,2020-02-07
马来西亚,马来西亚,12,,1,0,1,0,0,2020-02-07
江苏省,中国,408,,43,35,9,0,0,2020-02-07
辽宁省,中国,99,,7,5,2,0,0,2020-02-07
甘肃省,中国,67,,9,5,3,0,0,2020-02-07
宁夏回族自治区,中国,43,,5,3,4,0,0,2020-02-07
江西省,中国,661,,45,61,8,0,0,2020-02-07
香港,中国,25,,0,1,0,0,1,2020-02-07
贵州省,中国,81,,6,10,0,0,1,2020-02-07
重庆市,中国,415,,31,15,7,0,2,2020-02-07
山西省,中国,96,,15,6,3,0,0,2020-02-07
天津市,中国,81,,2,3,0,0,1,2020-02-07
海南省,中国,117,,10,11,2,1,2,2020-02-07
新疆维吾尔自治区,中国,39,,0,3,0,0,0,2020-02-07
四川省,中国,364,,60,20,18,0,1,2020-02-08
湖南省,中国,803,,156,31,44,1,1,2020-02-08
内蒙古自治区,中国,52,,5,2,0,0,0,2020-02-08
浙江省,中国,1048,,175,42,52,0,0,2020-02-08
黑龙江省,中国,295,,13,18,1,2,5,2020-02-08
广西壮族自治区,中国,183,,17,11,0,0,0,2020-02-08
河北省,中国,195,,30,23,8,0,1,2020-02-08
湖北省,中国,24953,,1218,2841,351,81,699,2020-02-08
广东省,中国,1095,,112,61,24,0,1,2020-02-08
福建省,中国,239,,24,15,4,0,0,2020-02-08
河南省,中国,981,,116,67,30,1,4,2020-02-08
上海市,中国,286,,41,9,11,0,1,2020-02-08
陕西省,中国,195,,20,11,3,0,0,2020-02-08
北京市,中国,315,,34,18,1,1,2,2020-02-08
山东省,中国,416,,44,30,7,0,0,2020-02-08
台湾,中国,17,,1,1,0,0,0,2020-02-08
安徽省,中国,733,,59,68,12,0,0,2020-02-08
吉林省,中国,69,,4,4,0,0,1,2020-02-08
云南省,中国,138,,17,2,4,0,0,2020-02-08
泰国,泰国,32,,10,7,5,0,0,2020-02-08
意大利,意大利,3,,0,1,0,0,0,2020-02-08
日本,日本,89,,1,3,0,0,0,2020-02-08
法国,法国,11,,0,5,0,0,0,2020-02-08
德国,德国,14,,0,2,0,0,0,2020-02-08
新加坡,新加坡,33,,2,3,2,0,0,2020-02-08
英国,英国,3,,0,1,0,0,0,2020-02-08
澳大利亚,澳大利亚,15,,3,0,1,0,0,2020-02-08
马来西亚,马来西亚,16,,1,4,0,0,0,2020-02-08
江苏省,中国,439,,51,31,8,0,0,2020-02-08
辽宁省,中国,105,,8,6,1,0,0,2020-02-08
甘肃省,中国,79,,12,12,3,1,1,2020-02-08
宁夏回族自治区,中国,45,,15,2,10,0,0,2020-02-08
江西省,中国,698,,55,37,10,0,0,2020-02-08
香港,中国,26,,0,1,0,0,1,2020-02-08
贵州省,中国,89,,7,8,1,0,1,2020-02-08
阿联酋,阿联酋,7,,0,2,0,0,0,2020-02-08
菲律宾,菲律宾,3,,0,1,0,0,1,2020-02-08
越南,越南,13,,1,3,0,0,0,2020-02-08
重庆市,中国,428,,39,13,8,0,2,2020-02-08
山西省,中国,104,,20,8,5,0,0,2020-02-08
天津市,中国,88,,4,7,2,0,1,2020-02-08
海南省,中国,124,,14,7,4,0,2,2020-02-08
新疆维吾尔自治区,中国,42,,0,3,0,0,0,2020-02-08
四川省,中国,386,,71,22,11,0,1,2020-02-09
湖南省,中国,838,,186,35,30,0,1,2020-02-09
内蒙古自治区,中国,54,,5,2,0,0,0,2020-02-09
浙江省,中国,1075,,201,27,26,0,0,2020-02-09
黑龙江省,中国,307,,14,12,1,1,6,2020-02-09
广西壮族自治区,中国,195,,18,12,1,1,1,2020-02-09
河北省,中国,206,,34,11,4,1,2,2020-02-09
湖北省,中国,27100,,1480,2147,262,81,780,2020-02-09
广东省,中国,1131,,141,36,29,0,1,2020-02-09
福建省,中国,250,,35,11,11,0,0,2020-02-09
河南省,中国,1033,,153,52,37,2,6,2020-02-09
上海市,中国,293,,44,7,3,0,1,2020-02-09
陕西省,中国,208,,25,13,5,0,0,2020-02-09
北京市,中国,326,,37,11,3,0,2,2020-02-09
韩国,韩国,25,,3,1,2,0,0,2020-02-09
山东省,中国,444,,63,28,19,1,1,2020-02-09
台湾,中国,18,,1,1,0,0,0,2020-02-09
安徽省,中国,779,,72,46,13,1,1,2020-02-09
吉林省,中国,78,,12,9,8,0,1,2020-02-09
云南省,中国,141,,18,3,1,0,0,2020-02-09
新加坡,新加坡,40,,2,7,0,0,0,2020-02-09
加拿大,加拿大,7,,0,2,0,0,0,2020-02-09
江苏省,中国,468,,71,29,20,0,0,2020-02-09
辽宁省,中国,107,,12,2,4,0,0,2020-02-09
甘肃省,中国,79,,15,0,3,0,1,2020-02-09
宁夏回族自治区,中国,45,,13,0,-2,0,0,2020-02-09
江西省,中国,740,,74,42,19,0,0,2020-02-09
香港,中国,29,,0,3,0,0,1,2020-02-09
贵州省,中国,99,,7,10,0,0,1,2020-02-09
重庆市,中国,450,,50,22,11,0,2,2020-02-09
山西省,中国,115,,22,11,2,0,0,2020-02-09
天津市,中国,90,,4,2,0,0,1,2020-02-09
海南省,中国,131,,19,7,5,1,3,2020-02-09
新疆维吾尔自治区,中国,45,,0,3,0,0,0,2020-02-09
四川省,中国,405,,80,19,9,0,1,2020-02-10
湖南省,中国,879,,208,41,22,0,1,2020-02-10
内蒙古自治区,中国,58,,5,4,0,0,0,2020-02-10
浙江省,中国,1092,,242,17,41,0,0,2020-02-10
黑龙江省,中国,331,,30,24,16,1,7,2020-02-10
广西壮族自治区,中国,210,,24,15,6,0,1,2020-02-10
河北省,中国,218,,41,12,7,0,2,2020-02-10
湖北省,中国,29631,,1854,2531,374,91,871,2020-02-10
广东省,中国,1159,,167,28,26,0,1,2020-02-10
福建省,中国,261,,39,11,4,0,0,2020-02-10
河南省,中国,1073,,191,40,38,0,6,2020-02-10
上海市,中国,299,,48,6,4,0,1,2020-02-10
陕西省,中国,213,,30,5,5,0,0,2020-02-10
北京市,中国,337,,44,11,7,0,2,2020-02-10
韩国,韩国,27,,3,2,0,0,0,2020-02-10
山东省,中国,466,,66,22,3,0,1,2020-02-10
安徽省,中国,830,,88,51,16,2,3,2020-02-10
吉林省,中国,80,,13,2,1,0,1,2020-02-10
云南省,中国,149,,19,8,1,0,0,2020-02-10
美国,美国,12,,0,0,0,0,0,2020-02-10
泰国,泰国,32,,10,0,0,0,0,2020-02-10
意大利,意大利,3,,0,0,0,0,0,2020-02-10
日本,日本,156,,4,67,3,0,0,2020-02-10
法国,法国,11,,0,0,0,0,0,2020-02-10
德国,德国,14,,0,0,0,0,0,2020-02-10
西班牙,西班牙,2,,0,-5,0,0,0,2020-02-10
新加坡,新加坡,43,,2,3,0,0,0,2020-02-10
英国,英国,3,,0,0,0,0,0,2020-02-10
加拿大,加拿大,7,,0,0,0,0,0,2020-02-10
澳大利亚,澳大利亚,15,,3,0,0,0,0,2020-02-10
瑞典,瑞典,1,,0,0,0,0,0,2020-02-10
马来西亚,马来西亚,18,,1,2,0,0,0,2020-02-10
芬兰,芬兰,1,,0,0,0,0,0,2020-02-10
比利时,比利时,1,,0,0,0,0,0,2020-02-10
江苏省,中国,492,,81,24,10,0,0,2020-02-10
辽宁省,中国,108,,13,1,1,0,0,2020-02-10
甘肃省,中国,83,,17,4,2,1,2,2020-02-10
宁夏回族自治区,中国,49,,13,4,0,0,0,2020-02-10
江西省,中国,771,,105,31,31,1,1,2020-02-10
香港,中国,38,,0,9,0,0,1,2020-02-10
贵州省,中国,109,,10,10,3,0,1,2020-02-10
阿联酋,阿联酋,7,,0,0,0,0,0,2020-02-10
菲律宾,菲律宾,3,,0,0,0,0,1,2020-02-10
越南,越南,14,,1,1,0,0,0,2020-02-10
尼泊尔,尼泊尔,1,,0,0,0,0,0,2020-02-10
柬埔寨,柬埔寨,1,,0,0,0,0,0,2020-02-10
斯里兰卡,斯里兰卡,1,,0,0,0,0,0,2020-02-10
印度,印度,3,,0,0,0,0,0,2020-02-10
俄罗斯,俄罗斯,2,,0,0,0,0,0,2020-02-10
重庆市,中国,473,,66,23,16,0,2,2020-02-10
山西省,中国,119,,25,4,3,0,0,2020-02-10
天津市,中国,95,,8,5,4,0,1,2020-02-10
海南省,中国,138,,19,7,0,0,3,2020-02-10
新疆维吾尔自治区,中国,49,,0,4,0,0,0,2020-02-10
四川省,中国,417,,85,12,5,0,1,2020-02-11
湖南省,中国,912,,247,33,39,0,1,2020-02-11
浙江省,中国,1117,,270,25,28,0,0,2020-02-11
黑龙江省,中国,360,,28,29,-2,1,8,2020-02-11
广西壮族自治区,中国,215,,33,5,9,0,1,2020-02-11
河北省,中国,239,,48,21,7,0,2,2020-02-11
湖北省,中国,31728,,2310,2097,456,103,974,2020-02-11
广东省,中国,1177,,212,18,45,0,1,2020-02-11
福建省,中国,267,,45,6,6,0,0,2020-02-11
河南省,中国,1105,,218,32,27,1,7,2020-02-11
上海市,中国,303,,52,4,4,0,1,2020-02-11
陕西省,中国,219,,32,6,2,0,0,2020-02-11
北京市,中国,342,,48,5,4,1,3,2020-02-11
韩国,韩国,28,,3,1,0,0,0,2020-02-11
山东省,中国,487,,80,21,14,0,1,2020-02-11
安徽省,中国,860,,105,30,17,1,4,2020-02-11
吉林省,中国,81,,18,1,5,0,1,2020-02-11
云南省,中国,153,,20,4,1,0,0,2020-02-11
美国,美国,13,,0,1,0,0,0,2020-02-11
泰国,泰国,32,,10,0,0,0,0,2020-02-11
意大利,意大利,3,,0,0,0,0,0,2020-02-11
日本,日本,161,,9,5,5,0,0,2020-02-11
法国,法国,11,,0,0,0,0,0,2020-02-11
德国,德国,14,,0,0,0,0,0,2020-02-11
西班牙,西班牙,2,,0,0,0,0,0,2020-02-11
新加坡,新加坡,45,,7,2,5,0,0,2020-02-11
英国,英国,8,,0,5,0,0,0,2020-02-11
加拿大,加拿大,7,,0,0,0,0,0,2020-02-11
澳大利亚,澳大利亚,15,,3,0,0,0,0,2020-02-11
瑞典,瑞典,1,,0,0,0,0,0,2020-02-11
马来西亚,马来西亚,18,,3,0,2,0,0,2020-02-11
芬兰,芬兰,1,,0,0,0,0,0,2020-02-11
比利时,比利时,1,,0,0,0,0,0,2020-02-11
江苏省,中国,515,,93,23,12,0,0,2020-02-11
辽宁省,中国,111,,19,3,6,0,0,2020-02-11
甘肃省,中国,86,,24,3,7,0,2,2020-02-11
宁夏回族自治区,中国,53,,22,4,9,0,0,2020-02-11
江西省,中国,804,,128,33,23,0,1,2020-02-11
香港,中国,49,,0,11,0,0,1,2020-02-11
贵州省,中国,127,,17,18,7,0,1,2020-02-11
阿联酋,阿联酋,8,,0,1,0,0,0,2020-02-11
菲律宾,菲律宾,3,,0,0,0,0,1,2020-02-11
越南,越南,15,,1,1,0,0,0,2020-02-11
尼泊尔,尼泊尔,1,,0,0,0,0,0,2020-02-11
柬埔寨,柬埔寨,1,,0,0,0,0,0,2020-02-11
斯里兰卡,斯里兰卡,1,,0,0,0,0,0,2020-02-11
印度,印度,3,,0,0,0,0,0,2020-02-11
俄罗斯,俄罗斯,2,,0,0,0,0,0,2020-02-11
重庆市,中国,489,,72,16,6,0,2,2020-02-11
山西省,中国,122,,30,3,5,0,0,2020-02-11
天津市,中国,105,,10,10,2,1,2,2020-02-11
海南省,中国,144,,20,6,1,0,3,2020-02-11
新疆维吾尔自治区,中国,55,,3,6,3,0,0,2020-02-11
青海省,中国,18,,5,0,2,0,0,2020-02-11
四川省,中国,436,,92,19,7,0,1,2020-02-12
湖南省,中国,946,,304,34,57,1,2,2020-02-12
内蒙古自治区,中国,60,,6,2,1,0,0,2020-02-12
浙江省,中国,1131,,321,14,51,0,0,2020-02-12
黑龙江省,中国,378,,31,18,3,0,8,2020-02-12
广西壮族自治区,中国,222,,32,7,-1,0,1,2020-02-12
河北省,中国,251,,54,12,6,0,2,2020-02-12
湖北省,中国,33366,,2686,1638,376,94,1068,2020-02-12
广东省,中国,1219,,275,42,63,0,1,2020-02-12
福建省,中国,272,,53,5,8,0,0,2020-02-12
河南省,中国,1135,,246,30,28,1,8,2020-02-12
上海市,中国,311,,57,8,5,0,1,2020-02-12
陕西省,中国,225,,43,6,11,0,0,2020-02-12
北京市,中国,352,,56,10,8,0,3,2020-02-12
韩国,韩国,28,,4,0,1,0,0,2020-02-12
山东省,中国,497,,92,10,12,1,2,2020-02-12
安徽省,中国,889,,127,29,22,0,4,2020-02-12
吉林省,中国,83,,22,2,4,0,1,2020-02-12
云南省,中国,154,,26,1,6,0,0,2020-02-12
美国,美国,13,,3,0,3,0,0,2020-02-12
泰国,泰国,33,,10,1,0,0,0,2020-02-12
意大利,意大利,3,,0,0,0,0,0,2020-02-12
日本,日本,203,,9,42,0,0,0,2020-02-12
法国,法国,11,,0,0,0,0,0,2020-02-12
德国,德国,16,,0,2,0,0,0,2020-02-12
西班牙,西班牙,2,,0,0,0,0,0,2020-02-12
新加坡,新加坡,47,,9,2,2,0,0,2020-02-12
英国,英国,8,,0,0,0,0,0,2020-02-12
加拿大,加拿大,7,,0,0,0,0,0,2020-02-12
澳大利亚,澳大利亚,15,,5,0,2,0,0,2020-02-12
瑞典,瑞典,1,,0,0,0,0,0,2020-02-12
马来西亚,马来西亚,18,,3,0,0,0,0,2020-02-12
芬兰,芬兰,1,,1,0,1,0,0,2020-02-12
比利时,比利时,1,,0,0,0,0,0,2020-02-12
江苏省,中国,543,,125,28,32,0,0,2020-02-12
辽宁省,中国,116,,20,5,1,1,1,2020-02-12
甘肃省,中国,86,,29,0,5,0,2,2020-02-12
宁夏回族自治区,中国,58,,24,5,2,0,0,2020-02-12
江西省,中国,844,,152,40,24,0,1,2020-02-12
香港,中国,50,,1,1,1,0,1,2020-02-12
贵州省,中国,133,,18,6,1,0,1,2020-02-12
阿联酋,阿联酋,8,,1,0,1,0,0,2020-02-12
菲律宾,菲律宾,3,,1,0,1,0,1,2020-02-12
越南,越南,15,,3,0,2,0,0,2020-02-12
尼泊尔,尼泊尔,1,,0,0,0,0,0,2020-02-12
柬埔寨,柬埔寨,1,,1,0,1,0,0,2020-02-12
斯里兰卡,斯里兰卡,1,,0,0,0,0,0,2020-02-12
印度,印度,3,,0,0,0,0,0,2020-02-12
俄罗斯,俄罗斯,2,,0,0,0,0,0,2020-02-12
重庆市,中国,509,,87,20,15,1,3,2020-02-12
山西省,中国,124,,33,2,3,0,0,2020-02-12
天津市,中国,112,,11,7,1,0,2,2020-02-12
海南省,中国,157,,27,13,7,0,3,2020-02-12
新疆维吾尔自治区,中国,59,,3,4,0,0,0,2020-02-12
澳门,中国,10,,2,0,1,0,0,2020-02-12
青海省,中国,18,,9,0,4,0,0,2020-02-12
西藏自治区,中国,1,,1,0,1,0,0,2020-02-12
四川省,中国,451,,104,15,12,0,1,2020-02-13
湖南省,中国,968,,339,22,35,0,2,2020-02-13
内蒙古自治区,中国,61,,6,1,0,0,0,2020-02-13
浙江省,中国,1145,,360,14,39,0,0,2020-02-13
黑龙江省,中国,395,,33,17,2,1,9,2020-02-13
广西壮族自治区,中国,222,,33,0,1,1,2,2020-02-13
河北省,中国,265,,68,14,14,1,3,2020-02-13
湖北省,中国,48206,,3459,14840,773,242,1310,2020-02-13
广东省,中国,1241,,314,22,39,1,2,2020-02-13
福建省,中国,279,,57,7,4,0,0,2020-02-13
河南省,中国,1169,,296,34,50,2,10,2020-02-13
上海市,中国,315,,62,4,5,0,1,2020-02-13
陕西省,中国,229,,46,4,3,0,0,2020-02-13
北京市,中国,366,,69,14,13,0,3,2020-02-13
韩国,韩国,28,,7,0,3,0,0,2020-02-13
山东省,中国,509,,105,12,13,0,2,2020-02-13
台湾,中国,18,,1,0,0,0,0,2020-02-13
安徽省,中国,910,,157,21,30,1,5,2020-02-13
吉林省,中国,84,,24,1,2,0,1,2020-02-13
云南省,中国,156,,27,2,1,0,0,2020-02-13
美国,美国,14,,3,1,0,0,0,2020-02-13
泰国,泰国,33,,10,0,0,0,0,2020-02-13
意大利,意大利,3,,0,0,0,0,0,2020-02-13
日本,日本,247,,9,44,0,1,1,2020-02-13
法国,法国,11,,0,0,0,0,0,2020-02-13
德国,德国,16,,1,0,1,0,0,2020-02-13
西班牙,西班牙,2,,0,0,0,0,0,2020-02-13
新加坡,新加坡,58,,15,11,6,0,0,2020-02-13
英国,英国,9,,0,1,0,0,0,2020-02-13
加拿大,加拿大,7,,2,0,2,0,0,2020-02-13
澳大利亚,澳大利亚,15,,5,0,0,0,0,2020-02-13
瑞典,瑞典,1,,0,0,0,0,0,2020-02-13
马来西亚,马来西亚,19,,3,1,0,0,0,2020-02-13
芬兰,芬兰,1,,1,0,0,0,0,2020-02-13
比利时,比利时,1,,0,0,0,0,0,2020-02-13
江苏省,中国,570,,139,27,14,0,0,2020-02-13
辽宁省,中国,117,,22,1,2,0,1,2020-02-13
甘肃省,中国,90,,39,4,10,0,2,2020-02-13
宁夏回族自治区,中国,64,,24,6,0,0,0,2020-02-13
江西省,中国,872,,170,28,18,0,1,2020-02-13
香港,中国,53,,1,3,0,0,1,2020-02-13
贵州省,中国,135,,27,2,9,0,1,2020-02-13
阿联酋,阿联酋,8,,1,0,0,0,0,2020-02-13
菲律宾,菲律宾,3,,1,0,0,0,1,2020-02-13
越南,越南,16,,3,1,0,0,0,2020-02-13
尼泊尔,尼泊尔,1,,0,0,0,0,0,2020-02-13
柬埔寨,柬埔寨,1,,1,0,0,0,0,2020-02-13
斯里兰卡,斯里兰卡,1,,0,0,0,0,0,2020-02-13
印度,印度,3,,0,0,0,0,0,2020-02-13
俄罗斯,俄罗斯,2,,0,0,0,0,0,2020-02-13
重庆市,中国,525,,128,16,41,0,3,2020-02-13
山西省,中国,126,,33,2,0,0,0,2020-02-13
天津市,中国,117,,21,5,10,1,3,2020-02-13
海南省,中国,157,,30,0,3,1,4,2020-02-13
新疆维吾尔自治区,中国,63,,6,4,3,1,1,2020-02-13
澳门,中国,10,,3,0,1,0,0,2020-02-13
青海省,中国,18,,11,0,2,0,0,2020-02-13
西藏自治区,中国,1,,1,0,0,0,0,2020-02-13
四川省,中国,463,,114,12,10,0,1,2020-02-14
湖南省,中国,988,,364,20,25,0,2,2020-02-14
内蒙古自治区,中国,65,,6,4,0,0,0,2020-02-14
浙江省,中国,1155,,403,10,43,0,0,2020-02-14
黑龙江省,中国,419,,47,24,14,2,11,2020-02-14
广西壮族自治区,中国,226,,36,4,3,0,2,2020-02-14
河北省,中国,283,,87,18,19,0,3,2020-02-14
湖北省,中国,51986,,3900,3780,441,8,1318,2020-02-14
广东省,中国,1261,,362,20,48,0,2,2020-02-14
福建省,中国,281,,63,2,6,0,0,2020-02-14
河南省,中国,1184,,357,15,61,1,11,2020-02-14
上海市,中国,318,,90,3,28,0,1,2020-02-14
陕西省,中国,230,,54,1,8,0,0,2020-02-14
北京市,中国,372,,80,6,11,0,3,2020-02-14
韩国,韩国,28,,7,0,0,0,0,2020-02-14
山东省,中国,523,,136,14,31,0,2,2020-02-14
台湾,中国,18,,2,0,1,0,0,2020-02-14
安徽省,中国,934,,193,24,36,1,6,2020-02-14
吉林省,中国,86,,25,2,1,0,1,2020-02-14
云南省,中国,162,,36,6,9,0,0,2020-02-14
美国,美国,15,,3,1,0,0,0,2020-02-14
泰国,泰国,33,,10,0,0,0,0,2020-02-14
意大利,意大利,3,,0,0,0,0,0,2020-02-14
日本,日本,253,,9,6,0,0,1,2020-02-14
法国,法国,11,,0,0,0,0,0,2020-02-14
德国,德国,16,,1,0,0,0,0,2020-02-14
西班牙,西班牙,2,,0,0,0,0,0,2020-02-14
新加坡,新加坡,67,,17,9,2,0,0,2020-02-14
英国,英国,9,,0,0,0,0,0,2020-02-14
加拿大,加拿大,7,,2,0,0,0,0,2020-02-14
澳大利亚,澳大利亚,15,,5,0,0,0,0,2020-02-14
瑞典,瑞典,1,,0,0,0,0,0,2020-02-14
马来西亚,马来西亚,19,,3,0,0,0,0,2020-02-14
芬兰,芬兰,1,,1,0,0,0,0,2020-02-14
比利时,比利时,1,,0,0,0,0,0,2020-02-14
江苏省,中国,593,,157,23,18,0,0,2020-02-14
辽宁省,中国,119,,29,2,7,0,1,2020-02-14
宁夏回族自治区,中国,67,,24,3,0,0,0,2020-02-14
江西省,中国,900,,187,28,17,0,1,2020-02-14
香港,中国,56,,1,3,0,0,1,2020-02-14
贵州省,中国,140,,28,5,1,0,1,2020-02-14
阿联酋,阿联酋,8,,1,0,0,0,0,2020-02-14
菲律宾,菲律宾,3,,1,0,0,0,1,2020-02-14
越南,越南,16,,7,0,4,0,0,2020-02-14
尼泊尔,尼泊尔,1,,0,0,0,0,0,2020-02-14
柬埔寨,柬埔寨,1,,1,0,0,0,0,2020-02-14
斯里兰卡,斯里兰卡,1,,0,0,0,0,0,2020-02-14
印度,印度,3,,0,0,0,0,0,2020-02-14
俄罗斯,俄罗斯,2,,2,0,2,0,0,2020-02-14
重庆市,中国,532,,139,7,11,2,5,2020-02-14
山西省,中国,126,,38,0,5,0,0,2020-02-14
天津市,中国,120,,31,3,10,0,3,2020-02-14
海南省,中国,159,,43,2,13,0,4,2020-02-14
新疆维吾尔自治区,中国,65,,6,2,0,0,1,2020-02-14
四川省,中国,470,,119,7,5,0,1,2020-02-15
湖南省,中国,1001,,425,13,61,0,2,2020-02-15
内蒙古自治区,中国,68,,7,3,1,0,0,2020-02-15
浙江省,中国,1162,,428,7,25,0,0,2020-02-15
黑龙江省,中国,425,,68,6,21,0,11,2020-02-15
广西壮族自治区,中国,235,,44,9,8,0,2,2020-02-15
河北省,中国,291,,101,8,14,0,3,2020-02-15
湖北省,中国,54406,,4821,2420,921,139,1457,2020-02-15
广东省,中国,1294,,410,33,48,0,2,2020-02-15
福建省,中国,285,,71,4,8,0,0,2020-02-15
河南省,中国,1212,,391,28,34,2,13,2020-02-15
上海市,中国,326,,124,8,34,0,1,2020-02-15
陕西省,中国,232,,60,2,6,0,0,2020-02-15
北京市,中国,375,,98,3,18,1,4,2020-02-15
韩国,韩国,28,,7,0,0,0,0,2020-02-15
山东省,中国,532,,156,9,20,0,2,2020-02-15
安徽省,中国,950,,221,16,28,0,6,2020-02-15
吉林省,中国,88,,26,2,1,0,1,2020-02-15
云南省,中国,168,,42,6,6,0,0,2020-02-15
美国,美国,15,,3,0,0,0,0,2020-02-15
泰国,泰国,33,,13,0,3,0,0,2020-02-15
意大利,意大利,3,,0,0,0,0,0,2020-02-15
日本,日本,326,,12,73,3,0,1,2020-02-15
法国,法国,11,,0,0,0,1,1,2020-02-15
德国,德国,16,,1,0,0,0,0,2020-02-15
西班牙,西班牙,2,,0,0,0,0,0,2020-02-15
新加坡,新加坡,72,,17,5,0,0,0,2020-02-15
英国,英国,9,,0,0,0,0,0,2020-02-15
加拿大,加拿大,8,,2,1,0,0,0,2020-02-15
澳大利亚,澳大利亚,15,,5,0,0,0,0,2020-02-15
瑞典,瑞典,1,,0,0,0,0,0,2020-02-15
马来西亚,马来西亚,19,,3,0,0,0,0,2020-02-15
芬兰,芬兰,1,,1,0,0,0,0,2020-02-15
比利时,比利时,1,,0,0,0,0,0,2020-02-15
埃及,埃及,1,,0,1,0,0,0,2020-02-15
江苏省,中国,604,,186,11,29,0,0,2020-02-15
辽宁省,中国,119,,31,0,2,0,1,2020-02-15
甘肃省,中国,90,,49,0,10,0,2,2020-02-15
宁夏回族自治区,中国,70,,33,3,9,0,0,2020-02-15
江西省,中国,913,,210,13,23,0,1,2020-02-15
贵州省,中国,143,,41,3,13,0,1,2020-02-15
阿联酋,阿联酋,8,,3,0,2,0,0,2020-02-15
菲律宾,菲律宾,3,,1,0,0,0,1,2020-02-15
越南,越南,16,,7,0,0,0,0,2020-02-15
尼泊尔,尼泊尔,1,,0,0,0,0,0,2020-02-15
柬埔寨,柬埔寨,1,,1,0,0,0,0,2020-02-15
斯里兰卡,斯里兰卡,1,,0,0,0,0,0,2020-02-15
印度,印度,3,,0,0,0,0,0,2020-02-15
俄罗斯,俄罗斯,2,,2,0,0,0,0,2020-02-15
重庆市,中国,538,,184,6,45,0,5,2020-02-15
山西省,中国,127,,42,1,4,0,0,2020-02-15
天津市,中国,122,,37,2,6,0,3,2020-02-15
海南省,中国,162,,39,3,-4,0,4,2020-02-15
新疆维吾尔自治区,中国,70,,10,5,4,0,1,2020-02-15
青海省,中国,18,,13,0,2,0,0,2020-02-15
四川省,中国,481,,131,11,12,2,3,2020-02-16
湖南省,中国,1004,,464,3,39,1,3,2020-02-16
内蒙古自治区,中国,70,,8,2,1,0,0,2020-02-16
浙江省,中国,1167,,456,5,28,0,0,2020-02-16
黑龙江省,中国,445,,79,20,11,0,11,2020-02-16
广西壮族自治区,中国,237,,49,2,5,0,2,2020-02-16
河北省,中国,300,,105,9,4,0,3,2020-02-16
湖北省,中国,56249,,5666,1843,845,139,1596,2020-02-16
广东省,中国,1316,,465,22,55,0,2,2020-02-16
福建省,中国,287,,82,2,11,0,0,2020-02-16
河南省,中国,1231,,440,19,49,0,13,2020-02-16
上海市,中国,328,,140,2,16,0,1,2020-02-16
陕西省,中国,236,,71,4,11,0,0,2020-02-16
北京市,中国,380,,108,5,10,0,4,2020-02-16
韩国,韩国,29,,9,1,2,0,0,2020-02-16
山东省,中国,537,,173,5,17,0,2,2020-02-16
台湾,中国,20,,2,2,0,1,1,2020-02-16
安徽省,中国,962,,255,12,34,0,6,2020-02-16
吉林省,中国,89,,30,1,4,0,1,2020-02-16
云南省,中国,171,,42,3,0,0,0,2020-02-16
美国,美国,15,,3,0,0,0,0,2020-02-16
泰国,泰国,34,,14,1,1,0,0,2020-02-16
意大利,意大利,3,,0,0,0,0,0,2020-02-16
日本,日本,62,,12,-264,0,0,1,2020-02-16
法国,法国,12,,4,1,4,0,1,2020-02-16
德国,德国,16,,1,0,0,0,0,2020-02-16
西班牙,西班牙,2,,0,0,0,0,0,2020-02-16
新加坡,新加坡,72,,18,0,1,0,0,2020-02-16
英国,英国,9,,8,0,8,0,0,2020-02-16
加拿大,加拿大,8,,2,0,0,0,0,2020-02-16
澳大利亚,澳大利亚,15,,10,0,5,0,0,2020-02-16
瑞典,瑞典,1,,0,0,0,0,0,2020-02-16
马来西亚,马来西亚,22,,7,3,4,0,0,2020-02-16
芬兰,芬兰,1,,1,0,0,0,0,2020-02-16
比利时,比利时,1,,0,0,0,0,0,2020-02-16
埃及,埃及,1,,0,0,0,0,0,2020-02-16
江苏省,中国,617,,218,13,32,0,0,2020-02-16
辽宁省,中国,121,,40,2,9,0,1,2020-02-16
甘肃省,中国,90,,54,0,5,0,2,2020-02-16
江西省,中国,925,,240,12,30,0,1,2020-02-16
香港,中国,57,,2,1,1,0,1,2020-02-16
贵州省,中国,144,,46,1,5,0,1,2020-02-16
钻石公主号邮轮,钻石公主号邮轮,355,,0,355,0,0,0,2020-02-16
阿联酋,阿联酋,8,,4,0,1,0,0,2020-02-16
菲律宾,菲律宾,3,,1,0,0,0,1,2020-02-16
越南,越南,16,,7,0,0,0,0,2020-02-16
尼泊尔,尼泊尔,1,,0,0,0,0,0,2020-02-16
柬埔寨,柬埔寨,1,,1,0,0,0,0,2020-02-16
斯里兰卡,斯里兰卡,1,,0,0,0,0,0,2020-02-16
印度,印度,3,,3,0,3,0,0,2020-02-16
俄罗斯,俄罗斯,2,,2,0,0,0,0,2020-02-16
重庆市,中国,547,,187,9,3,0,5,2020-02-16
山西省,中国,128,,49,1,7,0,0,2020-02-16
天津市,中国,124,,45,2,8,0,3,2020-02-16
海南省,中国,162,,52,0,13,0,4,2020-02-16
新疆维吾尔自治区,中国,71,,12,1,2,0,1,2020-02-16
澳门,中国,10,,5,0,2,0,0,2020-02-16
四川省,中国,495,,156,14,25,0,3,2020-02-17
湖南省,中国,1006,,498,2,34,0,3,2020-02-17
内蒙古自治区,中国,72,,8,2,0,0,0,2020-02-17
浙江省,中国,1171,,507,4,51,0,0,2020-02-17
黑龙江省,中国,457,,85,12,6,0,11,2020-02-17
广西壮族自治区,中国,238,,53,1,4,0,2,2020-02-17
河北省,中国,301,,122,1,17,0,3,2020-02-17
湖北省,中国,58182,,6693,1933,1027,100,1696,2020-02-17
广东省,中国,1322,,524,6,59,2,4,2020-02-17
福建省,中国,290,,90,3,8,0,0,2020-02-17
河南省,中国,1246,,509,15,69,3,16,2020-02-17
上海市,中国,332,,161,4,21,0,1,2020-02-17
陕西省,中国,240,,79,4,8,0,0,2020-02-17
北京市,中国,381,,114,1,6,0,4,2020-02-17
韩国,韩国,30,,9,1,0,0,0,2020-02-17
山东省,中国,541,,191,4,18,0,2,2020-02-17
台湾,中国,22,,2,2,0,0,1,2020-02-17
安徽省,中国,973,,280,11,25,0,6,2020-02-17
吉林省,中国,89,,34,0,4,0,1,2020-02-17
云南省,中国,171,,47,0,5,0,0,2020-02-17
美国,美国,15,,3,0,0,0,0,2020-02-17
泰国,泰国,35,,14,1,0,0,0,2020-02-17
日本,日本,62,,12,0,0,0,1,2020-02-17
法国,法国,12,,4,0,0,0,1,2020-02-17
德国,德国,16,,1,0,0,0,0,2020-02-17
新加坡,新加坡,77,,24,5,6,0,0,2020-02-17
英国,英国,9,,8,0,0,0,0,2020-02-17
加拿大,加拿大,8,,2,0,0,0,0,2020-02-17
澳大利亚,澳大利亚,15,,10,0,0,0,0,2020-02-17
马来西亚,马来西亚,22,,7,0,0,0,0,2020-02-17
比利时,比利时,1,,1,0,1,0,0,2020-02-17
埃及,埃及,1,,0,0,0,0,0,2020-02-17
江苏省,中国,626,,258,9,40,0,0,2020-02-17
辽宁省,中国,121,,43,0,3,0,1,2020-02-17
甘肃省,中国,91,,58,1,4,0,2,2020-02-17
宁夏回族自治区,中国,70,,35,0,2,0,0,2020-02-17
江西省,中国,930,,275,5,35,0,1,2020-02-17
香港,中国,58,,2,1,0,0,1,2020-02-17
贵州省,中国,146,,57,2,11,0,1,2020-02-17
钻石公主号邮轮,钻石公主号邮轮,454,,0,99,0,0,0,2020-02-17
阿联酋,阿联酋,9,,4,1,0,0,0,2020-02-17
越南,越南,16,,7,0,0,0,0,2020-02-17
印度,印度,3,,3,0,0,0,0,2020-02-17
俄罗斯,俄罗斯,2,,2,0,0,0,0,2020-02-17
重庆市,中国,552,,214,5,27,0,5,2020-02-17
山西省,中国,129,,51,1,2,0,0,2020-02-17
天津市,中国,125,,46,1,1,0,3,2020-02-17
海南省,中国,163,,59,1,7,0,4,2020-02-17
新疆维吾尔自治区,中国,75,,12,4,0,0,1,2020-02-17
四川省,中国,508,,169,13,13,0,3,2020-02-18
湖南省,中国,1007,,527,1,29,1,4,2020-02-18
内蒙古自治区,中国,73,,8,1,0,0,0,2020-02-18
浙江省,中国,1172,,535,1,28,0,0,2020-02-18
黑龙江省,中国,464,,111,7,26,0,11,2020-02-18
广西壮族自治区,中国,242,,69,4,16,0,2,2020-02-18
河北省,中国,302,,136,1,14,1,4,2020-02-18
湖北省,中国,59989,,7943,1807,1250,93,1789,2020-02-18
广东省,中国,1328,,565,6,41,0,4,2020-02-18
福建省,中国,292,,93,2,3,0,0,2020-02-18
河南省,中国,1257,,522,11,13,3,19,2020-02-18
上海市,中国,333,,177,1,16,0,1,2020-02-18
陕西省,中国,240,,89,0,10,0,0,2020-02-18
北京市,中国,387,,122,6,8,0,4,2020-02-18
韩国,韩国,30,,12,0,3,0,0,2020-02-18
山东省,中国,543,,211,2,20,1,3,2020-02-18
安徽省,中国,982,,361,9,81,0,6,2020-02-18
吉林省,中国,89,,36,0,2,0,1,2020-02-18
云南省,中国,172,,57,1,10,0,0,2020-02-18
泰国,泰国,35,,15,0,1,0,0,2020-02-18
日本,日本,74,,12,12,0,0,1,2020-02-18
法国,法国,12,,4,0,0,0,1,2020-02-18
新加坡,新加坡,77,,24,0,0,0,0,2020-02-18
英国,英国,9,,8,0,0,0,0,2020-02-18
澳大利亚,澳大利亚,15,,10,0,0,0,0,2020-02-18
马来西亚,马来西亚,22,,7,0,0,0,0,2020-02-18
比利时,比利时,1,,1,0,0,0,0,2020-02-18
江苏省,中国,629,,280,3,22,0,0,2020-02-18
辽宁省,中国,121,,53,0,10,0,1,2020-02-18
甘肃省,中国,91,,62,0,4,0,2,2020-02-18
宁夏回族自治区,中国,70,,42,0,7,0,0,2020-02-18
江西省,中国,933,,310,3,35,0,1,2020-02-18
香港,中国,62,,2,4,0,0,1,2020-02-18
贵州省,中国,146,,66,0,9,1,2,2020-02-18
钻石公主号邮轮,钻石公主号邮轮,542,,0,88,0,0,0,2020-02-18
阿联酋,阿联酋,9,,4,0,0,0,0,2020-02-18
印度,印度,3,,3,0,0,0,0,2020-02-18
重庆市,中国,553,,235,1,21,0,5,2020-02-18
山西省,中国,130,,60,1,9,0,0,2020-02-18
天津市,中国,128,,48,3,2,0,3,2020-02-18
海南省,中国,163,,79,0,20,0,4,2020-02-18
新疆维吾尔自治区,中国,76,,12,1,0,0,1,2020-02-18
青海省,中国,18,,15,0,2,0,0,2020-02-18
四川省,中国,514,,188,6,19,0,3,2020-02-19
湖南省,中国,1008,,561,1,34,0,4,2020-02-19
内蒙古自治区,中国,75,,10,2,2,0,0,2020-02-19
浙江省,中国,1174,,604,2,69,0,0,2020-02-19
黑龙江省,中国,470,,120,6,9,1,12,2020-02-19
广西壮族自治区,中国,244,,86,2,17,0,2,2020-02-19
河北省,中国,306,,152,4,16,0,4,2020-02-19
湖北省,中国,61682,,9336,1693,1393,132,1921,2020-02-19
广东省,中国,1331,,606,3,41,1,5,2020-02-19
福建省,中国,293,,112,1,19,0,0,2020-02-19
河南省,中国,1262,,573,5,51,0,19,2020-02-19
上海市,中国,333,,186,0,9,1,2,2020-02-19
陕西省,中国,242,,102,2,13,0,0,2020-02-19
北京市,中国,393,,147,6,25,0,4,2020-02-19
韩国,韩国,51,,16,21,4,0,0,2020-02-19
山东省,中国,544,,231,1,20,0,3,2020-02-19
台湾,中国,23,,2,1,0,0,1,2020-02-19
安徽省,中国,986,,413,4,52,0,6,2020-02-19
吉林省,中国,90,,37,1,1,0,1,2020-02-19
云南省,中国,173,,60,1,3,1,1,2020-02-19
泰国,泰国,35,,15,0,0,0,0,2020-02-19
日本,日本,84,,12,10,0,0,1,2020-02-19
法国,法国,12,,4,0,0,0,1,2020-02-19
西班牙,西班牙,2,,2,0,2,0,0,2020-02-19
新加坡,新加坡,84,,34,7,10,0,0,2020-02-19
英国,英国,9,,8,0,0,0,0,2020-02-19
澳大利亚,澳大利亚,15,,10,0,0,0,0,2020-02-19
马来西亚,马来西亚,22,,15,0,8,0,0,2020-02-19
比利时,比利时,1,,1,0,0,0,0,2020-02-19
江苏省,中国,631,,318,2,38,0,0,2020-02-19
辽宁省,中国,121,,55,0,2,0,1,2020-02-19
甘肃省,中国,91,,65,0,3,0,2,2020-02-19
宁夏回族自治区,中国,71,,42,1,0,0,0,2020-02-19
江西省,中国,934,,362,1,52,0,1,2020-02-19
香港,中国,63,,5,1,3,1,2,2020-02-19
贵州省,中国,146,,70,0,4,0,2,2020-02-19
钻石公主号邮轮,钻石公主号邮轮,621,,0,79,0,0,0,2020-02-19
阿联酋,阿联酋,9,,4,0,0,0,0,2020-02-19
尼泊尔,尼泊尔,1,,1,0,1,0,0,2020-02-19
斯里兰卡,斯里兰卡,1,,1,0,1,0,0,2020-02-19
印度,印度,3,,3,0,0,0,0,2020-02-19
重庆市,中国,555,,254,2,19,0,5,2020-02-19
山西省,中国,131,,63,1,3,0,0,2020-02-19
天津市,中国,130,,54,2,6,0,3,2020-02-19
海南省,中国,163,,84,0,5,0,4,2020-02-19
新疆维吾尔自治区,中国,76,,20,0,8,0,1,2020-02-19
青海省,中国,18,,16,0,1,0,0,2020-02-19
四川省,中国,520,,217,6,29,0,3,2020-02-20
湖南省,中国,1010,,634,2,73,0,4,2020-02-20
内蒙古自治区,中国,75,,16,0,6,0,0,2020-02-20
浙江省,中国,1175,,633,1,29,1,1,2020-02-20
黑龙江省,中国,476,,136,6,16,0,12,2020-02-20
广西壮族自治区,中国,245,,90,1,4,0,2,2020-02-20
河北省,中国,307,,169,1,17,1,5,2020-02-20
湖北省,中国,62031,,10521,349,1185,108,2029,2020-02-20
广东省,中国,1332,,642,1,36,0,5,2020-02-20
福建省,中国,293,,126,0,14,1,1,2020-02-20
河南省,中国,1265,,637,3,64,0,19,2020-02-20
上海市,中国,334,,199,1,13,0,2,2020-02-20
陕西省,中国,245,,118,3,16,1,1,2020-02-20
北京市,中国,395,,153,2,6,0,4,2020-02-20
韩国,韩国,104,,16,53,0,1,1,2020-02-20
山东省,中国,546,,254,2,23,1,4,2020-02-20
台湾,中国,24,,2,1,0,0,1,2020-02-20
安徽省,中国,987,,474,1,61,0,6,2020-02-20
吉林省,中国,91,,43,1,6,0,1,2020-02-20
云南省,中国,173,,79,0,19,0,1,2020-02-20
美国,美国,15,,3,0,0,0,0,2020-02-20
泰国,泰国,35,,15,0,0,0,0,2020-02-20
伊朗,伊朗,2,,0,2,0,2,2,2020-02-20
日本,日本,84,,12,0,0,0,1,2020-02-20
法国,法国,12,,4,0,0,0,1,2020-02-20
德国,德国,16,,1,0,0,0,0,2020-02-20
西班牙,西班牙,2,,2,0,0,0,0,2020-02-20
新加坡,新加坡,84,,34,0,0,0,0,2020-02-20
英国,英国,9,,8,0,0,0,0,2020-02-20
加拿大,加拿大,8,,2,0,0,0,0,2020-02-20
澳大利亚,澳大利亚,15,,10,0,0,0,0,2020-02-20
马来西亚,马来西亚,22,,15,0,0,0,0,2020-02-20
比利时,比利时,1,,1,0,0,0,0,2020-02-20
埃及,埃及,1,,0,0,0,0,0,2020-02-20
江苏省,中国,631,,356,0,38,0,0,2020-02-20
辽宁省,中国,121,,59,0,4,0,1,2020-02-20
甘肃省,中国,91,,71,0,6,0,2,2020-02-20
宁夏回族自治区,中国,71,,44,0,2,0,0,2020-02-20
江西省,中国,934,,433,0,71,0,1,2020-02-20
香港,中国,67,,6,4,1,0,2,2020-02-20
贵州省,中国,146,,72,0,2,0,2,2020-02-20
钻石公主号邮轮,钻石公主号邮轮,634,,0,13,0,2,2,2020-02-20
阿联酋,阿联酋,9,,4,0,0,0,0,2020-02-20
越南,越南,16,,7,0,0,0,0,2020-02-20
尼泊尔,尼泊尔,1,,1,0,0,0,0,2020-02-20
斯里兰卡,斯里兰卡,1,,1,0,0,0,0,2020-02-20
印度,印度,3,,3,0,0,0,0,2020-02-20
俄罗斯,俄罗斯,2,,2,0,0,0,0,2020-02-20
重庆市,中国,560,,274,5,20,0,5,2020-02-20
山西省,中国,131,,73,0,10,0,0,2020-02-20
天津市,中国,131,,59,1,5,0,3,2020-02-20
海南省,中国,168,,86,5,2,0,4,2020-02-20
新疆维吾尔自治区,中国,76,,22,0,2,0,1,2020-02-20
澳门,中国,10,,6,0,1,0,0,2020-02-20
四川省,中国,525,,231,5,14,0,3,2020-02-21
湖南省,中国,1011,,661,1,27,0,4,2020-02-21
内蒙古自治区,中国,75,,17,0,1,0,0,2020-02-21
浙江省,中国,1203,,679,28,46,0,1,2020-02-21
黑龙江省,中国,479,,175,3,39,0,12,2020-02-21
广西壮族自治区,中国,246,,97,1,7,0,2,2020-02-21
河北省,中国,308,,184,1,15,0,5,2020-02-21
湖北省,中国,62662,,11881,631,1360,115,2144,2020-02-21
广东省,中国,1333,,690,1,48,0,5,2020-02-21
福建省,中国,293,,149,0,23,0,1,2020-02-21
河南省,中国,1267,,736,2,99,0,19,2020-02-21
上海市,中国,334,,211,0,12,0,2,2020-02-21
陕西省,中国,245,,134,0,16,0,1,2020-02-21
北京市,中国,396,,169,1,16,0,4,2020-02-21
韩国,韩国,204,,16,100,0,1,2,2020-02-21
山东省,中国,749,,281,203,27,0,4,2020-02-21
台湾,中国,26,,2,2,0,0,1,2020-02-21
安徽省,中国,988,,539,1,65,0,6,2020-02-21
吉林省,中国,91,,45,0,2,0,1,2020-02-21
云南省,中国,174,,96,1,17,1,2,2020-02-21
泰国,泰国,35,,17,0,2,0,0,2020-02-21
伊朗,伊朗,18,,0,16,0,2,4,2020-02-21
日本,日本,105,,22,21,10,0,1,2020-02-21
德国,德国,16,,7,0,6,0,0,2020-02-21
西班牙,西班牙,2,,2,0,0,0,0,2020-02-21
新加坡,新加坡,85,,37,1,3,0,0,2020-02-21
澳大利亚,澳大利亚,17,,11,2,1,0,0,2020-02-21
马来西亚,马来西亚,22,,15,0,0,0,0,2020-02-21
江苏省,中国,631,,373,0,17,0,0,2020-02-21
辽宁省,中国,121,,61,0,2,0,1,2020-02-21
甘肃省,中国,91,,76,0,5,0,2,2020-02-21
宁夏回族自治区,中国,71,,48,0,4,0,0,2020-02-21
江西省,中国,934,,489,0,56,0,1,2020-02-21
香港,中国,68,,5,1,-1,0,2,2020-02-21
贵州省,中国,146,,77,0,5,0,2,2020-02-21
钻石公主号邮轮,钻石公主号邮轮,634,,0,0,0,0,2,2020-02-21
越南,越南,16,,14,0,7,0,0,2020-02-21
尼泊尔,尼泊尔,1,,1,0,0,0,0,2020-02-21
斯里兰卡,斯里兰卡,1,,1,0,0,0,0,2020-02-21
重庆市,中国,567,,299,7,25,1,6,2020-02-21
山西省,中国,132,,76,1,3,0,0,2020-02-21
天津市,中国,132,,62,1,3,0,3,2020-02-21
海南省,中国,168,,95,0,9,0,4,2020-02-21
新疆维吾尔自治区,中国,76,,24,0,2,0,1,2020-02-21
青海省,中国,18,,18,0,2,0,0,2020-02-21
四川省,中国,526,,250,1,19,0,3,2020-02-22
湖南省,中国,1013,,692,2,31,0,4,2020-02-22
内蒙古自治区,中国,75,,23,0,6,0,0,2020-02-22
浙江省,中国,1205,,719,2,40,0,1,2020-02-22
黑龙江省,中国,479,,204,0,29,0,12,2020-02-22
广西壮族自治区,中国,249,,104,3,7,0,2,2020-02-22
河北省,中国,309,,203,1,19,1,6,2020-02-22
湖北省,中国,63454,,13690,792,1809,106,2250,2020-02-22
广东省,中国,1339,,728,6,38,0,5,2020-02-22
福建省,中国,293,,162,0,13,0,1,2020-02-22
河南省,中国,1270,,830,3,94,0,19,2020-02-22
上海市,中国,335,,227,1,16,1,3,2020-02-22
陕西省,中国,245,,149,0,15,0,1,2020-02-22
北京市,中国,399,,178,3,9,0,4,2020-02-22
韩国,韩国,433,,16,229,0,0,2,2020-02-22
山东省,中国,750,,302,1,21,0,4,2020-02-22
安徽省,中国,989,,597,1,58,0,6,2020-02-22
吉林省,中国,91,,52,0,7,0,1,2020-02-22
云南省,中国,174,,107,0,11,0,2,2020-02-22
美国,美国,35,,3,20,0,0,0,2020-02-22
泰国,泰国,35,,17,0,0,0,0,2020-02-22
意大利,意大利,20,,0,17,0,2,2,2020-02-22
伊朗,伊朗,28,,0,10,0,1,5,2020-02-22
日本,日本,122,,22,17,0,0,1,2020-02-22
德国,德国,16,,7,0,0,0,0,2020-02-22
西班牙,西班牙,2,,2,0,0,0,0,2020-02-22
新加坡,新加坡,85,,37,0,0,0,0,2020-02-22
澳大利亚,澳大利亚,21,,11,4,0,0,0,2020-02-22
马来西亚,马来西亚,22,,15,0,0,0,0,2020-02-22
以色列,以色列,1,,0,1,0,0,0,2020-02-22
江苏省,中国,631,,401,0,28,0,0,2020-02-22
辽宁省,中国,121,,66,0,5,0,1,2020-02-22
江西省,中国,934,,555,0,66,0,1,2020-02-22
香港,中国,69,,6,1,1,0,2,2020-02-22
贵州省,中国,146,,90,0,13,0,2,2020-02-22
钻石公主号邮轮,钻石公主号邮轮,634,,0,0,0,0,2,2020-02-22
阿联酋,阿联酋,13,,4,4,0,0,0,2020-02-22
黎巴嫩,黎巴嫩,1,,0,1,0,0,0,2020-02-22
越南,越南,16,,14,0,0,0,0,2020-02-22
尼泊尔,尼泊尔,1,,1,0,0,0,0,2020-02-22
斯里兰卡,斯里兰卡,1,,1,0,0,0,0,2020-02-22
重庆市,中国,572,,316,5,17,0,6,2020-02-22
山西省,中国,132,,79,0,3,0,0,2020-02-22
天津市,中国,135,,65,3,3,0,3,2020-02-22
海南省,中国,168,,104,0,9,0,4,2020-02-22
新疆维吾尔自治区,中国,76,,25,0,1,1,2,2020-02-22
四川省,中国,526,,261,0,11,0,3,2020-02-23
湖南省,中国,1016,,714,3,22,0,4,2020-02-23
内蒙古自治区,中国,75,,27,0,4,0,0,2020-02-23
浙江省,中国,1205,,760,0,41,0,1,2020-02-23
黑龙江省,中国,480,,222,1,18,0,12,2020-02-23
广西壮族自治区,中国,249,,106,0,2,0,2,2020-02-23
河北省,中国,311,,219,2,16,0,6,2020-02-23
湖北省,中国,64084,,15343,630,1653,96,2346,2020-02-23
广东省,中国,1342,,755,3,27,1,6,2020-02-23
福建省,中国,293,,170,0,8,0,1,2020-02-23
河南省,中国,1271,,868,1,38,0,19,2020-02-23
上海市,中国,335,,249,0,22,0,3,2020-02-23
陕西省,中国,245,,163,0,14,0,1,2020-02-23
北京市,中国,399,,189,0,11,0,4,2020-02-23
韩国,韩国,602,,16,169,0,4,6,2020-02-23
山东省,中国,754,,321,4,19,0,4,2020-02-23
台湾,中国,28,,2,2,0,0,1,2020-02-23
安徽省,中国,989,,637,0,40,0,6,2020-02-23
吉林省,中国,91,,54,0,2,0,1,2020-02-23
云南省,中国,174,,115,0,8,0,2,2020-02-23
美国,美国,35,,3,0,0,0,0,2020-02-23
泰国,泰国,35,,21,0,4,0,0,2020-02-23
意大利,意大利,117,,1,97,1,0,2,2020-02-23
伊朗,伊朗,43,,0,15,0,3,8,2020-02-23
日本,日本,135,,22,13,0,0,1,2020-02-23
德国,德国,16,,7,0,0,0,0,2020-02-23
新加坡,新加坡,89,,51,4,14,0,0,2020-02-23
伊拉克,伊拉克,1,,0,1,0,0,0,2020-02-23
澳大利亚,澳大利亚,21,,11,0,0,0,0,2020-02-23
以色列,以色列,1,,0,0,0,0,0,2020-02-23
江苏省,中国,631,,418,0,17,0,0,2020-02-23
辽宁省,中国,121,,73,0,7,0,1,2020-02-23
甘肃省,中国,91,,78,0,2,0,2,2020-02-23
宁夏回族自治区,中国,71,,56,0,8,0,0,2020-02-23
江西省,中国,934,,613,0,58,0,1,2020-02-23
香港,中国,74,,11,5,5,0,2,2020-02-23
贵州省,中国,146,,102,0,12,0,2,2020-02-23
钻石公主号邮轮,钻石公主号邮轮,691,,0,57,0,1,3,2020-02-23
阿联酋,阿联酋,13,,4,0,0,0,0,2020-02-23
黎巴嫩,黎巴嫩,1,,0,0,0,0,0,2020-02-23
越南,越南,16,,14,0,0,0,0,2020-02-23
重庆市,中国,573,,328,1,12,0,6,2020-02-23
山西省,中国,132,,89,0,10,0,0,2020-02-23
天津市,中国,135,,81,0,16,0,3,2020-02-23
海南省,中国,168,,106,0,2,0,4,2020-02-23
新疆维吾尔自治区,中国,76,,28,0,3,0,2,2020-02-23
澳门,中国,10,,6,0,0,0,0,2020-02-23
青海省,中国,18,,18,0,0,0,0,2020-02-23
西藏自治区,中国,1,,1,0,0,0,0,2020-02-23
四川省,中国,527,,276,1,15,0,3,2020-02-24
湖南省,中国,1016,,731,0,17,0,4,2020-02-24
内蒙古自治区,中国,75,,34,0,7,0,0,2020-02-24
浙江省,中国,1205,,782,0,22,0,1,2020-02-24
黑龙江省,中国,480,,227,0,5,0,12,2020-02-24
广西壮族自治区,中国,251,,112,2,6,0,2,2020-02-24
河北省,中国,311,,234,0,15,0,6,2020-02-24
湖北省,中国,64287,,16748,203,1405,149,2495,2020-02-24
广东省,中国,1345,,786,3,31,0,6,2020-02-24
福建省,中国,293,,183,0,13,0,1,2020-02-24
河南省,中国,1271,,943,0,75,0,19,2020-02-24
上海市,中国,335,,261,0,12,0,3,2020-02-24
陕西省,中国,245,,173,0,10,0,1,2020-02-24
北京市,中国,399,,198,0,9,0,4,2020-02-24
韩国,韩国,833,,18,231,2,2,8,2020-02-24
山东省,中国,755,,343,1,22,1,5,2020-02-24
台湾,中国,30,,5,2,3,0,1,2020-02-24
安徽省,中国,989,,663,0,26,0,6,2020-02-24
吉林省,中国,93,,60,2,6,0,1,2020-02-24
云南省,中国,174,,128,0,13,0,2,2020-02-24
美国,美国,35,,3,0,0,0,0,2020-02-24
泰国,泰国,35,,21,0,0,0,0,2020-02-24
意大利,意大利,230,,2,113,1,4,6,2020-02-24
伊朗,伊朗,61,,0,18,0,4,12,2020-02-24
日本,日本,159,,22,24,0,0,1,2020-02-24
德国,德国,16,,14,0,7,0,0,2020-02-24
巴林,巴林,1,,0,1,0,0,0,2020-02-24
科威特,科威特,1,,0,1,0,0,0,2020-02-24
新加坡,新加坡,89,,51,0,0,0,0,2020-02-24
英国,英国,13,,8,4,0,0,0,2020-02-24
加拿大,加拿大,10,,3,2,1,0,0,2020-02-24
伊拉克,伊拉克,1,,0,0,0,0,0,2020-02-24
澳大利亚,澳大利亚,22,,10,1,-1,0,0,2020-02-24
马来西亚,马来西亚,22,,18,0,3,0,0,2020-02-24
以色列,以色列,2,,0,1,0,0,0,2020-02-24
江苏省,中国,631,,452,0,34,0,0,2020-02-24
辽宁省,中国,121,,80,0,7,0,1,2020-02-24
甘肃省,中国,91,,80,0,2,0,2,2020-02-24
宁夏回族自治区,中国,71,,58,0,2,0,0,2020-02-24
江西省,中国,934,,645,0,32,0,1,2020-02-24
香港,中国,79,,19,5,8,0,2,2020-02-24
钻石公主号邮轮,钻石公主号邮轮,691,,0,0,0,0,3,2020-02-24
阿联酋,阿联酋,13,,4,0,0,0,0,2020-02-24
黎巴嫩,黎巴嫩,1,,0,0,0,0,0,2020-02-24
阿富汗,阿富汗,1,,0,1,0,0,0,2020-02-24
重庆市,中国,575,,335,2,7,0,6,2020-02-24
山西省,中国,132,,91,0,2,0,0,2020-02-24
天津市,中国,135,,87,0,6,0,3,2020-02-24
海南省,中国,168,,116,0,10,1,5,2020-02-24
新疆维吾尔自治区,中国,76,,30,0,2,0,2,2020-02-24
四川省,中国,529,,289,2,13,0,3,2020-02-25
湖南省,中国,1016,,768,0,37,0,4,2020-02-25
浙江省,中国,1205,,808,0,26,0,1,2020-02-25
黑龙江省,中国,480,,243,0,16,0,12,2020-02-25
广西壮族自治区,中国,252,,134,1,22,0,2,2020-02-25
河北省,中国,311,,248,0,14,0,6,2020-02-25
湖北省,中国,64786,,18971,499,2223,68,2563,2020-02-25
广东省,中国,1347,,822,2,36,1,7,2020-02-25
福建省,中国,294,,199,1,16,0,1,2020-02-25
河南省,中国,1271,,1002,0,59,0,19,2020-02-25
上海市,中国,336,,268,1,7,0,3,2020-02-25
陕西省,中国,245,,186,0,13,0,1,2020-02-25
北京市,中国,400,,215,1,17,0,4,2020-02-25
韩国,韩国,977,,22,144,4,2,10,2020-02-25
山东省,中国,756,,355,1,12,1,6,2020-02-25
台湾,中国,31,,5,1,0,0,1,2020-02-25
安徽省,中国,989,,712,0,49,0,6,2020-02-25
吉林省,中国,93,,63,0,3,0,1,2020-02-25
云南省,中国,174,,129,0,1,0,2,2020-02-25
美国,美国,53,,3,18,0,0,0,2020-02-25
泰国,泰国,37,,22,2,1,0,0,2020-02-25
意大利,意大利,283,,1,53,-1,1,7,2020-02-25
伊朗,伊朗,95,,0,34,0,4,16,2020-02-25
日本,日本,170,,22,11,0,0,1,2020-02-25
法国,法国,12,,11,0,7,0,1,2020-02-25
德国,德国,16,,14,0,0,0,0,2020-02-25
西班牙,西班牙,3,,2,1,0,0,0,2020-02-25
巴林,巴林,8,,0,7,0,0,0,2020-02-25
科威特,科威特,8,,0,7,0,0,0,2020-02-25
新加坡,新加坡,90,,53,1,2,0,0,2020-02-25
英国,英国,13,,8,0,0,0,0,2020-02-25
加拿大,加拿大,11,,4,1,1,0,0,2020-02-25
伊拉克,伊拉克,1,,0,0,0,0,0,2020-02-25
澳大利亚,澳大利亚,22,,15,0,5,0,0,2020-02-25
马来西亚,马来西亚,22,,18,0,0,0,0,2020-02-25
以色列,以色列,6,,0,4,0,0,0,2020-02-25
克罗地亚,克罗地亚,1,,0,1,0,0,0,2020-02-25
江苏省,中国,631,,458,0,6,0,0,2020-02-25
辽宁省,中国,121,,83,0,3,0,1,2020-02-25
宁夏回族自治区,中国,71,,61,0,3,0,0,2020-02-25
江西省,中国,934,,683,0,38,0,1,2020-02-25
香港,中国,84,,19,5,0,0,2,2020-02-25
贵州省,中国,146,,104,0,2,0,2,2020-02-25
钻石公主号邮轮,钻石公主号邮轮,691,,0,0,0,0,3,2020-02-25
阿联酋,阿联酋,13,,4,0,0,0,0,2020-02-25
阿曼,阿曼,2,,0,2,0,0,0,2020-02-25
黎巴嫩,黎巴嫩,1,,0,0,0,0,0,2020-02-25
阿富汗,阿富汗,1,,0,0,0,0,0,2020-02-25
越南,越南,16,,16,0,2,0,0,2020-02-25
重庆市,中国,576,,349,1,14,0,6,2020-02-25
山西省,中国,133,,96,1,5,0,0,2020-02-25
天津市,中国,135,,91,0,4,0,3,2020-02-25
海南省,中国,168,,124,0,8,0,5,2020-02-25
澳门,中国,10,,7,0,1,0,0,2020-02-25
四川省,中国,531,,307,2,18,0,3,2020-02-26
湖南省,中国,1016,,783,0,15,0,4,2020-02-26
内蒙古自治区,中国,75,,38,0,4,0,0,2020-02-26
浙江省,中国,1205,,867,0,59,0,1,2020-02-26
黑龙江省,中国,480,,249,0,6,0,12,2020-02-26
广西壮族自治区,中国,252,,147,0,13,0,2,2020-02-26
河北省,中国,312,,261,1,13,0,6,2020-02-26
湖北省,中国,65187,,20969,401,1998,52,2615,2020-02-26
广东省,中国,1347,,851,0,29,0,7,2020-02-26
福建省,中国,294,,218,0,19,0,1,2020-02-26
河南省,中国,1271,,1033,0,31,0,19,2020-02-26
上海市,中国,336,,272,0,4,0,3,2020-02-26
陕西省,中国,245,,192,0,6,0,1,2020-02-26
北京市,中国,400,,235,0,20,0,4,2020-02-26
韩国,韩国,1261,,22,284,0,2,12,2020-02-26
山东省,中国,756,,377,0,22,0,6,2020-02-26
台湾,中国,32,,5,1,0,0,1,2020-02-26
安徽省,中国,989,,744,0,32,0,6,2020-02-26
吉林省,中国,93,,65,0,2,0,1,2020-02-26
云南省,中国,174,,144,0,15,0,2,2020-02-26
美国,美国,57,,3,4,0,0,0,2020-02-26
泰国,泰国,40,,22,3,0,0,0,2020-02-26
意大利,意大利,374,,1,91,0,5,12,2020-02-26
伊朗,伊朗,139,,0,44,0,3,19,2020-02-26
日本,日本,178,,22,8,0,1,2,2020-02-26
法国,法国,17,,11,5,0,1,2,2020-02-26
德国,德国,19,,14,3,0,0,0,2020-02-26
西班牙,西班牙,7,,2,4,0,0,0,2020-02-26
巴林,巴林,26,,0,18,0,0,0,2020-02-26
科威特,科威特,25,,0,17,0,0,0,2020-02-26
新加坡,新加坡,93,,62,3,9,0,0,2020-02-26
英国,英国,13,,8,0,0,0,0,2020-02-26
瑞士,瑞士,1,,0,1,0,0,0,2020-02-26
加拿大,加拿大,11,,4,0,0,0,0,2020-02-26
伊拉克,伊拉克,1,,0,0,0,0,0,2020-02-26
奥地利,奥地利,2,,0,2,0,0,0,2020-02-26
澳大利亚,澳大利亚,22,,15,0,0,0,0,2020-02-26
瑞典,瑞典,1,,0,0,0,0,0,2020-02-26
马来西亚,马来西亚,22,,18,0,0,0,0,2020-02-26
以色列,以色列,6,,0,0,0,0,0,2020-02-26
克罗地亚,克罗地亚,1,,0,0,0,0,0,2020-02-26
希腊,希腊,1,,0,1,0,0,0,2020-02-26
芬兰,芬兰,1,,1,0,0,0,0,2020-02-26
比利时,比利时,1,,1,0,0,0,0,2020-02-26
埃及,埃及,1,,0,0,0,0,0,2020-02-26
江苏省,中国,631,,478,0,20,0,0,2020-02-26
辽宁省,中国,121,,88,0,5,0,1,2020-02-26
甘肃省,中国,91,,81,0,1,0,2,2020-02-26
宁夏回族自治区,中国,71,,65,0,4,0,0,2020-02-26
江西省,中国,934,,719,0,36,0,1,2020-02-26
香港,中国,89,,24,5,5,0,2,2020-02-26
钻石公主号邮轮,钻石公主号邮轮,705,,0,14,0,1,4,2020-02-26
阿联酋,阿联酋,13,,4,0,0,0,0,2020-02-26
阿曼,阿曼,2,,0,0,0,0,0,2020-02-26
黎巴嫩,黎巴嫩,1,,0,0,0,0,0,2020-02-26
菲律宾,菲律宾,3,,1,0,0,0,1,2020-02-26
阿富汗,阿富汗,1,,0,0,0,0,0,2020-02-26
阿尔及利亚,阿尔及利亚,1,,0,1,0,0,0,2020-02-26
越南,越南,16,,16,0,0,0,0,2020-02-26
尼泊尔,尼泊尔,1,,1,0,0,0,0,2020-02-26
柬埔寨,柬埔寨,1,,1,0,0,0,0,2020-02-26
斯里兰卡,斯里兰卡,1,,1,0,0,0,0,2020-02-26
印度,印度,3,,3,0,0,0,0,2020-02-26
俄罗斯,俄罗斯,2,,2,0,0,0,0,2020-02-26
重庆市,中国,576,,373,0,24,0,6,2020-02-26
山西省,中国,133,,104,0,8,0,0,2020-02-26
天津市,中国,135,,96,0,5,0,3,2020-02-26
海南省,中国,168,,129,0,5,0,5,2020-02-26
新疆维吾尔自治区,中国,76,,34,0,4,0,2,2020-02-26
四川省,中国,534,,321,3,14,0,3,2020-02-27
湖南省,中国,1017,,804,1,21,0,4,2020-02-27
内蒙古自治区,中国,75,,42,0,4,0,0,2020-02-27
浙江省,中国,1205,,932,0,65,0,1,2020-02-27
黑龙江省,中国,480,,270,0,21,1,13,2020-02-27
广西壮族自治区,中国,252,,161,0,14,0,2,2020-02-27
河北省,中国,317,,274,5,13,0,6,2020-02-27
湖北省,中国,65596,,23383,409,2414,26,2641,2020-02-27
广东省,中国,1347,,890,0,39,0,7,2020-02-27
福建省,中国,296,,228,2,10,0,1,2020-02-27
河南省,中国,1272,,1068,1,35,1,20,2020-02-27
上海市,中国,337,,276,1,4,0,3,2020-02-27
陕西省,中国,245,,195,0,3,0,1,2020-02-27
北京市,中国,410,,248,10,13,1,5,2020-02-27
韩国,韩国,1766,,22,505,0,1,13,2020-02-27
格鲁吉亚,格鲁吉亚,1,,0,1,0,0,0,2020-02-27
山东省,中国,756,,387,0,10,0,6,2020-02-27
安徽省,中国,989,,792,0,48,0,6,2020-02-27
吉林省,中国,93,,67,0,2,0,1,2020-02-27
云南省,中国,174,,150,0,6,0,2,2020-02-27
美国,美国,60,,3,3,0,0,0,2020-02-27
泰国,泰国,40,,22,0,0,0,0,2020-02-27
意大利,意大利,528,,40,154,39,2,14,2020-02-27
伊朗,伊朗,245,,49,106,49,7,26,2020-02-27
日本,日本,189,,22,11,0,1,3,2020-02-27
法国,法国,18,,11,1,0,0,2,2020-02-27
德国,德国,27,,14,8,0,0,0,2020-02-27
西班牙,西班牙,13,,2,6,0,0,0,2020-02-27
巴林,巴林,33,,0,7,0,0,0,2020-02-27
科威特,科威特,43,,0,18,0,0,0,2020-02-27
新加坡,新加坡,93,,62,0,0,0,0,2020-02-27
英国,英国,15,,8,2,0,0,0,2020-02-27
瑞士,瑞士,4,,0,3,0,0,0,2020-02-27
加拿大,加拿大,12,,4,1,0,0,0,2020-02-27
伊拉克,伊拉克,6,,0,5,0,0,0,2020-02-27
挪威,挪威,1,,0,1,0,0,0,2020-02-27
奥地利,奥地利,3,,0,1,0,0,0,2020-02-27
澳大利亚,澳大利亚,23,,15,1,0,0,0,2020-02-27
瑞典,瑞典,2,,0,1,0,0,0,2020-02-27
马来西亚,马来西亚,23,,18,1,0,0,0,2020-02-27
以色列,以色列,7,,1,1,1,0,0,2020-02-27
克罗地亚,克罗地亚,3,,0,2,0,0,0,2020-02-27
希腊,希腊,3,,0,2,0,0,0,2020-02-27
芬兰,芬兰,2,,1,1,0,0,0,2020-02-27
巴基斯坦,巴基斯坦,2,,0,2,0,0,0,2020-02-27
巴西,巴西,1,,0,1,0,0,0,2020-02-27
江苏省,中国,631,,498,0,20,0,0,2020-02-27
辽宁省,中国,121,,93,0,5,0,1,2020-02-27
宁夏回族自治区,中国,72,,68,1,3,0,0,2020-02-27
江西省,中国,934,,754,0,35,0,1,2020-02-27
香港,中国,92,,24,3,0,0,2,2020-02-27
贵州省,中国,146,,112,0,8,0,2,2020-02-27
钻石公主号邮轮,钻石公主号邮轮,705,,0,0,0,0,4,2020-02-27
阿曼,阿曼,4,,0,2,0,0,0,2020-02-27
黎巴嫩,黎巴嫩,3,,0,2,0,0,0,2020-02-27
罗马尼亚,罗马尼亚,1,,0,1,0,0,0,2020-02-27
丹麦,丹麦,1,,0,1,0,0,0,2020-02-27
阿富汗,阿富汗,1,,0,0,0,0,0,2020-02-27
阿尔及利亚,阿尔及利亚,1,,0,0,0,0,0,2020-02-27
爱沙尼亚,爱沙尼亚,1,,0,1,0,0,0,2020-02-27
北马其顿,北马其顿,1,,0,1,0,0,0,2020-02-27
越南,越南,16,,16,0,0,0,0,2020-02-27
重庆市,中国,576,,384,0,11,0,6,2020-02-27
山西省,中国,133,,106,0,2,0,0,2020-02-27
天津市,中国,135,,102,0,6,0,3,2020-02-27
海南省,中国,168,,131,0,2,0,5,2020-02-27
新疆维吾尔自治区,中国,76,,43,0,9,0,2,2020-02-27
澳门,中国,10,,8,0,1,0,0,2020-02-27
四川省,中国,538,,338,4,17,0,3,2020-02-28
湖南省,中国,1017,,830,0,26,0,4,2020-02-28
内蒙古自治区,中国,75,,45,0,3,0,0,2020-02-28
浙江省,中国,1205,,975,0,43,0,1,2020-02-28
黑龙江省,中国,480,,283,0,13,0,13,2020-02-28
广西壮族自治区,中国,252,,168,0,7,0,2,2020-02-28
河北省,中国,318,,277,1,3,0,6,2020-02-28
湖北省,中国,65914,,26403,318,3020,41,2682,2020-02-28
广东省,中国,1348,,935,1,45,0,7,2020-02-28
福建省,中国,296,,235,0,7,0,1,2020-02-28
河南省,中国,1272,,1112,0,44,0,20,2020-02-28
上海市,中国,337,,279,0,3,0,3,2020-02-28
陕西省,中国,245,,199,0,4,0,1,2020-02-28
北京市,中国,410,,257,0,9,2,7,2020-02-28
韩国,韩国,2337,,22,571,0,0,13,2020-02-28
格鲁吉亚,格鲁吉亚,1,,0,0,0,0,0,2020-02-28
山东省,中国,756,,405,0,18,0,6,2020-02-28
台湾,中国,34,,6,2,1,0,1,2020-02-28
安徽省,中国,990,,821,1,29,0,6,2020-02-28
吉林省,中国,93,,73,0,6,0,1,2020-02-28
云南省,中国,174,,156,0,6,0,2,2020-02-28
美国,美国,60,,3,0,0,0,0,2020-02-28
泰国,泰国,41,,28,1,6,0,0,2020-02-28
意大利,意大利,653,,45,125,5,3,17,2020-02-28
伊朗,伊朗,270,,49,25,0,0,26,2020-02-28
日本,日本,226,,22,37,0,1,4,2020-02-28
法国,法国,38,,11,20,0,0,2,2020-02-28
德国,德国,48,,14,21,0,0,0,2020-02-28
西班牙,西班牙,25,,2,12,0,0,0,2020-02-28
巴林,巴林,33,,0,0,0,0,0,2020-02-28
科威特,科威特,43,,0,0,0,0,0,2020-02-28
新加坡,新加坡,93,,62,0,0,0,0,2020-02-28
英国,英国（含北爱尔兰）,16,,8,16,8,0,0,2020-02-28
瑞士,瑞士,8,,0,4,0,0,0,2020-02-28
加拿大,加拿大,14,,4,2,0,0,0,2020-02-28
伊拉克,伊拉克,7,,0,1,0,0,0,2020-02-28
挪威,挪威,4,,0,3,0,0,0,2020-02-28
奥地利,奥地利,5,,0,2,0,0,0,2020-02-28
澳大利亚,澳大利亚,23,,15,0,0,0,0,2020-02-28
瑞典,瑞典,7,,0,5,0,0,0,2020-02-28
马来西亚,马来西亚,23,,18,0,0,0,0,2020-02-28
荷兰,荷兰,1,,0,1,0,0,0,2020-02-28
以色列,以色列,7,,1,0,0,0,0,2020-02-28
克罗地亚,克罗地亚,3,,0,0,0,0,0,2020-02-28
希腊,希腊,4,,0,1,0,0,0,2020-02-28
芬兰,芬兰,2,,1,0,0,0,0,2020-02-28
巴基斯坦,巴基斯坦,2,,0,0,0,0,0,2020-02-28
巴西,巴西,1,,0,0,0,0,0,2020-02-28
埃及,埃及,1,,1,0,1,0,0,2020-02-28
爱尔兰,英国（含北爱尔兰）,16,,8,16,8,0,0,2020-02-28
江苏省,中国,631,,515,0,17,0,0,2020-02-28
甘肃省,中国,91,,82,0,1,0,2,2020-02-28
江西省,中国,935,,790,1,36,0,1,2020-02-28
香港,中国,94,,30,2,6,0,2,2020-02-28
钻石公主号邮轮,钻石公主号邮轮,705,,0,0,0,1,5,2020-02-28
阿联酋,阿联酋,19,,5,6,1,0,0,2020-02-28
阿曼,阿曼,6,,0,2,0,0,0,2020-02-28
黎巴嫩,黎巴嫩,3,,0,0,0,0,0,2020-02-28
罗马尼亚,罗马尼亚,1,,0,0,0,0,0,2020-02-28
丹麦,丹麦,1,,0,0,0,0,0,2020-02-28
阿富汗,阿富汗,1,,0,0,0,0,0,2020-02-28
阿尔及利亚,阿尔及利亚,1,,0,0,0,0,0,2020-02-28
爱沙尼亚,爱沙尼亚,1,,0,0,0,0,0,2020-02-28
北马其顿,北马其顿,1,,0,0,0,0,0,2020-02-28
尼日利亚,尼日利亚,1,,0,1,0,0,0,2020-02-28
立陶宛,立陶宛,1,,0,1,0,0,0,2020-02-28
新西兰,新西兰,1,,0,1,0,0,0,2020-02-28
白俄罗斯,白俄罗斯,1,,0,1,0,0,0,2020-02-28
越南,越南,16,,16,0,0,0,0,2020-02-28
俄罗斯,白俄罗斯,1,,0,1,0,0,0,2020-02-28
重庆市,中国,576,,402,0,18,0,6,2020-02-28
山西省,中国,133,,109,0,3,0,0,2020-02-28
天津市,中国,136,,102,1,0,0,3,2020-02-28
海南省,中国,168,,133,0,2,0,5,2020-02-28
新疆维吾尔自治区,中国,76,,52,0,9,1,3,2020-02-28
英国（含北爱尔兰）,英国（含北爱尔兰）,16,,8,16,8,0,0,2020-02-28
北爱尔兰,英国（含北爱尔兰）,16,,8,16,8,0,0,2020-02-28
四川省,中国,538,,351,0,13,0,3,2020-02-29
湖南省,中国,1018,,846,1,16,0,4,2020-02-29
内蒙古自治区,中国,75,,49,0,4,0,0,2020-02-29
浙江省,中国,1205,,1016,0,41,0,1,2020-02-29
黑龙江省,中国,480,,301,0,18,0,13,2020-02-29
广西壮族自治区,中国,252,,176,0,8,0,2,2020-02-29
河北省,中国,318,,282,0,5,0,6,2020-02-29
湖北省,中国,66337,,28993,423,2590,45,2727,2020-02-29
广东省,中国,1349,,983,1,48,0,7,2020-02-29
福建省,中国,296,,243,0,8,0,1,2020-02-29
河南省,中国,1272,,1170,0,58,1,21,2020-02-29
上海市,中国,337,,287,0,8,0,3,2020-02-29
陕西省,中国,245,,207,0,8,0,1,2020-02-29
北京市,中国,411,,271,1,14,1,8,2020-02-29
韩国,韩国,3150,,27,813,5,3,16,2020-02-29
格鲁吉亚,格鲁吉亚,2,,0,1,0,0,0,2020-02-29
山东省,中国,756,,421,0,16,0,6,2020-02-29
台湾,中国,39,,9,5,3,0,1,2020-02-29
安徽省,中国,990,,868,0,47,0,6,2020-02-29
吉林省,中国,93,,75,0,2,0,1,2020-02-29
云南省,中国,174,,157,0,1,0,2,2020-02-29
美国,美国,63,,3,3,0,0,0,2020-02-29
泰国,泰国,42,,28,1,0,0,0,2020-02-29
意大利,意大利,888,,46,235,1,4,21,2020-02-29
伊朗,伊朗,593,,123,323,74,17,43,2020-02-29
日本,日本,240,,22,14,0,1,5,2020-02-29
法国,法国,57,,11,19,0,0,2,2020-02-29
德国,德国,66,,14,18,0,0,0,2020-02-29
西班牙,西班牙,41,,2,16,0,0,0,2020-02-29
巴林,巴林,38,,0,5,0,0,0,2020-02-29
科威特,科威特,43,,0,0,0,0,0,2020-02-29
新加坡,新加坡,98,,69,5,7,0,0,2020-02-29
英国,英国,20,,8,20,8,0,0,2020-02-29
瑞士,瑞士,15,,0,7,0,0,0,2020-02-29
加拿大,加拿大,16,,4,2,0,0,0,2020-02-29
伊拉克,伊拉克,8,,0,1,0,0,0,2020-02-29
挪威,挪威,7,,0,3,0,0,0,2020-02-29
奥地利,奥地利,5,,0,0,0,0,0,2020-02-29
澳大利亚,澳大利亚,25,,15,2,0,0,0,2020-02-29
瑞典,瑞典,12,,0,5,0,0,0,2020-02-29
马来西亚,马来西亚,25,,18,2,0,0,0,2020-02-29
荷兰,荷兰,2,,0,1,0,0,0,2020-02-29
以色列,以色列,9,,1,2,0,0,0,2020-02-29
克罗地亚,克罗地亚,5,,0,2,0,0,0,2020-02-29
希腊,希腊,4,,0,0,0,0,0,2020-02-29
芬兰,芬兰,3,,1,1,0,0,0,2020-02-29
墨西哥,墨西哥,3,,0,3,0,0,0,2020-02-29
巴基斯坦,巴基斯坦,2,,0,0,0,0,0,2020-02-29
阿塞拜疆,阿塞拜疆,1,,0,1,0,0,0,2020-02-29
巴西,巴西,1,,0,0,0,0,0,2020-02-29
比利时,比利时,1,,1,0,0,0,0,2020-02-29
埃及,埃及,1,,1,0,0,0,0,2020-02-29
爱尔兰,大不列颠及北爱尔兰联合王国,20,,8,20,8,0,0,2020-02-29
江苏省,中国,631,,523,0,8,0,0,2020-02-29
辽宁省,中国,121,,96,0,3,0,1,2020-02-29
宁夏回族自治区,中国,73,,69,1,1,0,0,2020-02-29
江西省,中国,935,,811,0,21,0,1,2020-02-29
钻石公主号邮轮,钻石公主号邮轮,705,,0,0,0,1,6,2020-02-29
阿联酋,阿联酋,21,,5,2,0,0,0,2020-02-29
阿曼,阿曼,6,,1,0,1,0,0,2020-02-29
黎巴嫩,黎巴嫩,3,,0,0,0,0,0,2020-02-29
罗马尼亚,罗马尼亚,3,,0,2,0,0,0,2020-02-29
丹麦,丹麦,3,,0,2,0,0,0,2020-02-29
菲律宾,菲律宾,3,,1,0,0,0,1,2020-02-29
阿富汗,阿富汗,1,,0,0,0,0,0,2020-02-29
阿尔及利亚,阿尔及利亚,1,,0,0,0,0,0,2020-02-29
爱沙尼亚,爱沙尼亚,1,,0,0,0,0,0,2020-02-29
北马其顿,北马其顿,1,,0,0,0,0,0,2020-02-29
尼日利亚,尼日利亚,1,,0,0,0,0,0,2020-02-29
立陶宛,立陶宛,1,,0,0,0,0,0,2020-02-29
新西兰,新西兰,1,,0,0,0,0,0,2020-02-29
白俄罗斯,白俄罗斯,1,,0,0,0,0,0,2020-02-29
冰岛,冰岛,1,,0,1,0,0,0,2020-02-29
摩纳哥,摩纳哥,1,,0,1,0,0,0,2020-02-29
越南,越南,16,,16,0,0,0,0,2020-02-29
尼泊尔,尼泊尔,1,,1,0,0,0,0,2020-02-29
柬埔寨,柬埔寨,1,,1,0,0,0,0,2020-02-29
斯里兰卡,斯里兰卡,1,,1,0,0,0,0,2020-02-29
印度,印度,3,,3,0,0,0,0,2020-02-29
俄罗斯,白俄罗斯,2,,2,1,2,0,0,2020-02-29
俄罗斯,俄罗斯,2,,2,2,2,0,0,2020-02-29
重庆市,中国,576,,422,0,20,0,6,2020-02-29
山西省,中国,133,,113,0,4,0,0,2020-02-29
天津市,中国,136,,109,0,7,0,3,2020-02-29
海南省,中国,168,,147,0,14,0,5,2020-02-29
新疆维吾尔自治区,中国,76,,62,0,10,0,3,2020-02-29
大不列颠及北爱尔兰联合王国,大不列颠及北爱尔兰联合王国,20,,8,20,8,0,0,2020-02-29
英国（含北爱尔兰）,英国（含北爱尔兰）,20,,8,4,0,0,0,2020-02-29
北爱尔兰,大不列颠及北爱尔兰联合王国,20,,8,20,8,0,0,2020-02-29
四川省,中国,538,,365,0,14,0,3,2020-03-01
湖南省,中国,1018,,866,0,20,0,4,2020-03-01
内蒙古自治区,中国,75,,52,0,3,0,0,2020-03-01
浙江省,中国,1205,,1046,0,30,0,1,2020-03-01
黑龙江省,中国,480,,342,0,41,0,13,2020-03-01
广西壮族自治区,中国,252,,181,0,5,0,2,2020-03-01
河北省,中国,318,,294,0,12,0,6,2020-03-01
湖北省,中国,66907,,31536,570,2543,34,2761,2020-03-01
广东省,中国,1349,,1016,0,33,0,7,2020-03-01
福建省,中国,296,,247,0,4,0,1,2020-03-01
河南省,中国,1272,,1198,0,28,1,22,2020-03-01
上海市,中国,337,,290,0,3,0,3,2020-03-01
陕西省,中国,245,,208,0,1,0,1,2020-03-01
北京市,中国,413,,276,2,5,0,8,2020-03-01
韩国,韩国,3526,,30,376,3,1,17,2020-03-01
格鲁吉亚,格鲁吉亚,3,,0,1,0,0,0,2020-03-01
山东省,中国,758,,443,2,22,0,6,2020-03-01
台湾,中国,40,,9,1,0,0,1,2020-03-01
安徽省,中国,990,,873,0,5,0,6,2020-03-01
吉林省,中国,93,,78,0,3,0,1,2020-03-01
云南省,中国,174,,163,0,6,0,2,2020-03-01
美国,美国,63,,3,0,0,1,1,2020-03-01
泰国,泰国,42,,28,0,0,1,1,2020-03-01
意大利,意大利,1128,,50,240,4,8,29,2020-03-01
伊朗,伊朗,978,,175,385,52,11,54,2020-03-01
日本,日本,250,,41,10,19,0,5,2020-03-01
法国,法国,100,,12,43,1,0,2,2020-03-01
德国,德国,117,,14,51,0,0,0,2020-03-01
西班牙,西班牙,58,,2,17,0,0,0,2020-03-01
巴林,巴林,41,,0,3,0,0,0,2020-03-01
科威特,科威特,46,,0,3,0,0,0,2020-03-01
新加坡,新加坡,102,,72,4,3,0,0,2020-03-01
英国,英国,35,,8,15,0,0,0,2020-03-01
瑞士,瑞士,24,,0,9,0,0,0,2020-03-01
加拿大,加拿大,20,,4,4,0,0,0,2020-03-01
伊拉克,伊拉克,13,,0,5,0,0,0,2020-03-01
挪威,挪威,17,,0,10,0,0,0,2020-03-01
奥地利,奥地利,10,,0,5,0,0,0,2020-03-01
澳大利亚,澳大利亚,28,,15,3,0,1,1,2020-03-01
瑞典,瑞典,13,,0,1,0,0,0,2020-03-01
马来西亚,马来西亚,29,,18,4,0,0,0,2020-03-01
荷兰,荷兰,7,,0,5,0,0,0,2020-03-01
以色列,以色列,10,,1,1,0,0,0,2020-03-01
克罗地亚,克罗地亚,7,,0,2,0,0,0,2020-03-01
希腊,希腊,7,,0,3,0,0,0,2020-03-01
厄瓜多尔,厄瓜多尔,1,,0,1,0,0,0,2020-03-01
芬兰,芬兰,3,,1,0,0,0,0,2020-03-01
墨西哥,墨西哥,4,,0,1,0,0,0,2020-03-01
巴基斯坦,巴基斯坦,3,,0,1,0,0,0,2020-03-01
阿塞拜疆,阿塞拜疆,3,,0,2,0,0,0,2020-03-01
巴西,巴西,2,,0,1,0,0,0,2020-03-01
比利时,比利时,2,,1,1,0,0,0,2020-03-01
埃及,埃及,1,,1,0,0,0,0,2020-03-01
卡塔尔,卡塔尔,1,,0,1,0,0,0,2020-03-01
爱尔兰,爱尔兰,1,,0,1,0,0,0,2020-03-01
卢森堡,卢森堡,1,,0,1,0,0,0,2020-03-01
圣马力诺,圣马力诺,1,,0,1,0,0,0,2020-03-01
亚美尼亚,亚美尼亚,1,,0,1,0,0,0,2020-03-01
江苏省,中国,631,,536,0,13,0,0,2020-03-01
辽宁省,中国,122,,103,1,7,0,1,2020-03-01
甘肃省,中国,91,,84,0,2,0,2,2020-03-01
江西省,中国,935,,831,0,20,0,1,2020-03-01
香港,中国,96,,36,2,6,0,2,2020-03-01
钻石公主号邮轮,钻石公主号邮轮,705,,0,0,0,0,6,2020-03-01
阿联酋,阿联酋,21,,5,0,0,0,0,2020-03-01
阿曼,阿曼,6,,1,0,0,0,0,2020-03-01
黎巴嫩,黎巴嫩,3,,0,0,0,0,0,2020-03-01
罗马尼亚,罗马尼亚,3,,0,0,0,0,0,2020-03-01
丹麦,丹麦,3,,0,0,0,0,0,2020-03-01
菲律宾,菲律宾,3,,1,0,0,0,1,2020-03-01
阿富汗,阿富汗,1,,0,0,0,0,0,2020-03-01
阿尔及利亚,阿尔及利亚,1,,0,0,0,0,0,2020-03-01
爱沙尼亚,爱沙尼亚,1,,0,0,0,0,0,2020-03-01
北马其顿,北马其顿,1,,0,0,0,0,0,2020-03-01
尼日利亚,尼日利亚,1,,0,0,0,0,0,2020-03-01
立陶宛,立陶宛,1,,0,0,0,0,0,2020-03-01
新西兰,新西兰,1,,0,0,0,0,0,2020-03-01
白俄罗斯,白俄罗斯,1,,0,0,0,0,0,2020-03-01
冰岛,冰岛,1,,0,0,0,0,0,2020-03-01
摩纳哥,摩纳哥,1,,0,0,0,0,0,2020-03-01
越南,越南,16,,16,0,0,0,0,2020-03-01
尼泊尔,尼泊尔,1,,1,0,0,0,0,2020-03-01
柬埔寨,柬埔寨,1,,1,0,0,0,0,2020-03-01
斯里兰卡,斯里兰卡,1,,1,0,0,0,0,2020-03-01
印度,印度,3,,3,0,0,0,0,2020-03-01
俄罗斯,白俄罗斯,2,,2,0,0,0,0,2020-03-01
俄罗斯,俄罗斯,2,,2,0,0,0,0,2020-03-01
重庆市,中国,576,,442,0,20,0,6,2020-03-01
山西省,中国,133,,115,0,2,0,0,2020-03-01
天津市,中国,136,,111,0,2,0,3,2020-03-01
海南省,中国,168,,149,0,2,0,5,2020-03-01
新疆维吾尔自治区,中国,76,,64,0,2,0,3,2020-03-01
四川省,中国,538,0.0,381,0,16,0,3,2020-03-02
湖南省,中国,1018,,882,0,16,0,4,2020-03-02
内蒙古自治区,中国,75,,54,0,2,0,0,2020-03-02
浙江省,中国,1206,,1068,1,22,0,1,2020-03-02
黑龙江省,中国,480,,353,0,11,0,13,2020-03-02
广西壮族自治区,中国,252,,191,0,10,0,2,2020-03-02
河北省,中国,318,,296,0,2,0,6,2020-03-02
湖北省,中国,67103,,33762,196,2226,42,2803,2020-03-02
广东省,中国,1350,,1051,1,35,0,7,2020-03-02
福建省,中国,296,,247,0,0,0,1,2020-03-02
河南省,中国,1272,,1206,0,8,0,22,2020-03-02
上海市,中国,337,,292,0,2,0,3,2020-03-02
陕西省,中国,245,,216,0,8,0,1,2020-03-02
北京市,中国,414,,282,1,6,0,8,2020-03-02
韩国,韩国,4335,,30,809,0,5,22,2020-03-02
格鲁吉亚,格鲁吉亚,3,,0,0,0,0,0,2020-03-02
山东省,中国,758,,460,0,17,0,6,2020-03-02
台湾,中国,41,,12,1,3,0,1,2020-03-02
安徽省,中国,990,,889,0,16,0,6,2020-03-02
吉林省,中国,93,,79,0,1,0,1,2020-03-02
云南省,中国,174,,168,0,5,0,2,2020-03-02
美国,美国,77,,3,14,0,0,1,2020-03-02
泰国,泰国,43,,31,1,3,0,1,2020-03-02
印度尼西亚,印度尼西亚,2,,0,2,0,0,0,2020-03-02
意大利,意大利,1694,,83,566,33,5,34,2020-03-02
伊朗,伊朗,978,,175,0,0,0,54,2020-03-02
日本,日本,257,,41,7,0,0,5,2020-03-02
法国,法国,130,,12,30,0,0,2,2020-03-02
德国,德国,130,,14,13,0,0,0,2020-03-02
西班牙,西班牙,84,,2,26,0,0,0,2020-03-02
巴林,巴林,47,,0,6,0,0,0,2020-03-02
科威特,科威特,46,,0,0,0,0,0,2020-03-02
新加坡,新加坡,106,,74,4,2,0,0,2020-03-02
英国,英国,36,,8,1,0,0,0,2020-03-02
瑞士,瑞士,27,,0,3,0,0,0,2020-03-02
加拿大,加拿大,24,,4,4,0,0,0,2020-03-02
伊拉克,伊拉克,19,,0,6,0,0,0,2020-03-02
挪威,挪威,19,,0,2,0,0,0,2020-03-02
奥地利,奥地利,14,,0,4,0,0,0,2020-03-02
澳大利亚,澳大利亚,29,,15,1,0,0,1,2020-03-02
瑞典,瑞典,13,,0,0,0,0,0,2020-03-02
马来西亚,马来西亚,29,,18,0,0,0,0,2020-03-02
荷兰,荷兰,10,,0,3,0,0,0,2020-03-02
以色列,以色列,10,,1,0,0,0,0,2020-03-02
克罗地亚,克罗地亚,7,,0,0,0,0,0,2020-03-02
希腊,希腊,7,,0,0,0,0,0,2020-03-02
厄瓜多尔,厄瓜多尔,6,,0,5,0,0,0,2020-03-02
芬兰,芬兰,6,,1,3,0,0,0,2020-03-02
墨西哥,墨西哥,5,,0,1,0,0,0,2020-03-02
巴基斯坦,巴基斯坦,4,,0,1,0,0,0,2020-03-02
阿塞拜疆,阿塞拜疆,3,,0,0,0,0,0,2020-03-02
捷克,捷克,3,,0,3,0,0,0,2020-03-02
巴西,巴西,2,,0,0,0,0,0,2020-03-02
比利时,比利时,2,,1,0,0,0,0,2020-03-02
埃及,埃及,2,,1,1,0,0,0,2020-03-02
卡塔尔,卡塔尔,1,,0,0,0,0,0,2020-03-02
爱尔兰,爱尔兰,1,,0,0,0,0,0,2020-03-02
卢森堡,卢森堡,1,,0,0,0,0,0,2020-03-02
圣马力诺,圣马力诺,1,,0,0,0,0,0,2020-03-02
亚美尼亚,亚美尼亚,1,,0,0,0,0,0,2020-03-02
多米尼加,多米尼加,1,,0,1,0,0,0,2020-03-02
江苏省,中国,631,,538,0,2,0,0,2020-03-02
辽宁省,中国,122,,103,0,0,0,1,2020-03-02
甘肃省,中国,91,,84,0,0,0,2,2020-03-02
宁夏回族自治区,中国,74,,69,1,0,0,0,2020-03-02
江西省,中国,935,,850,0,19,0,1,2020-03-02
香港,中国,98,,36,2,0,0,2,2020-03-02
贵州省,中国,146,,114,0,2,0,2,2020-03-02
钻石公主号邮轮,钻石公主号邮轮,705,,0,0,0,0,6,2020-03-02
阿联酋,阿联酋,21,,5,0,0,0,0,2020-03-02
阿曼,阿曼,6,,1,0,0,0,0,2020-03-02
黎巴嫩,黎巴嫩,3,,0,0,0,0,0,2020-03-02
罗马尼亚,罗马尼亚,3,,0,0,0,0,0,2020-03-02
丹麦,丹麦,3,,0,0,0,0,0,2020-03-02
菲律宾,菲律宾,3,,1,0,0,0,1,2020-03-02
阿富汗,阿富汗,1,,0,0,0,0,0,2020-03-02
阿尔及利亚,阿尔及利亚,1,,0,0,0,0,0,2020-03-02
爱沙尼亚,爱沙尼亚,1,,0,0,0,0,0,2020-03-02
北马其顿,北马其顿,1,,0,0,0,0,0,2020-03-02
尼日利亚,尼日利亚,1,,0,0,0,0,0,2020-03-02
立陶宛,立陶宛,1,,0,0,0,0,0,2020-03-02
新西兰,新西兰,1,,0,0,0,0,0,2020-03-02
白俄罗斯,白俄罗斯,1,,0,0,0,0,0,2020-03-02
冰岛,冰岛,1,,0,0,0,0,0,2020-03-02
摩纳哥,摩纳哥,1,,0,0,0,0,0,2020-03-02
越南,越南,16,,16,0,0,0,0,2020-03-02
尼泊尔,尼泊尔,1,,1,0,0,0,0,2020-03-02
柬埔寨,柬埔寨,1,,1,0,0,0,0,2020-03-02
斯里兰卡,斯里兰卡,1,,1,0,0,0,0,2020-03-02
印度,印度尼西亚,2,,0,2,0,0,0,2020-03-02
俄罗斯,白俄罗斯,2,,2,0,0,0,0,2020-03-02
俄罗斯,俄罗斯,2,,2,0,0,0,0,2020-03-02
重庆市,中国,576,,450,0,8,0,6,2020-03-02
山西省,中国,133,,116,0,1,0,0,2020-03-02
河北省,中国,1,,0,0,0,0,0,2020-01-23
湖北省,中国,375,,25,0,0,0,9,2020-01-23
河南省,中国,5,,0,0,0,0,0,2020-01-23
台湾,中国,1,,0,0,0,0,0,2020-01-23
云南省,中国,1,,0,0,0,0,0,2020-01-23
宁夏回族自治区,中国,1,,0,0,0,0,0,2020-01-23
山西省,中国,1,,0,0,0,0,0,2020-01-23
天津市,中国,4,,0,0,0,0,0,2020-01-23
澳门,中国,2,,0,0,0,0,0,2020-01-25
吉林省,中国,4,,0,0,0,0,0,2020-01-26
香港,中国,5,,0,0,0,0,0,2020-01-26
青海省,中国,1,,0,0,0,0,0,2020-01-26
韩国,韩国,4,,0,0,0,0,0,2020-01-28
美国,美国,5,,0,0,0,0,0,2020-01-28
法国,法国,3,,0,0,0,0,0,2020-01-28
加拿大,加拿大,1,,0,0,0,0,0,2020-01-28
澳大利亚,澳大利亚,5,,0,0,0,0,0,2020-01-28
马来西亚,马来西亚,3,,0,0,0,0,0,2020-01-28
香港,中国,8,,0,0,0,0,0,2020-01-28
越南,越南,2,,0,0,0,0,0,2020-01-28
尼泊尔,尼泊尔,1,,0,0,0,0,0,2020-01-28
柬埔寨,柬埔寨,1,,0,0,0,0,0,2020-01-28
青海省,中国,6,,0,0,0,0,0,2020-01-28
韩国,韩国,4,,0,0,0,0,0,2020-01-29
台湾,中国,8,,0,0,0,0,0,2020-01-29
美国,美国,5,,0,0,0,0,0,2020-01-29
泰国,泰国,14,,5,0,0,0,0,2020-01-29
日本,日本,7,,1,0,0,0,0,2020-01-29
越南,越南,2,,0,0,0,0,0,2020-01-29
尼泊尔,尼泊尔,1,,0,0,0,0,0,2020-01-29
柬埔寨,柬埔寨,1,,0,0,0,0,0,2020-01-29
斯里兰卡,斯里兰卡,1,,0,0,0,0,0,2020-01-29
澳门,中国,7,,0,0,0,0,0,2020-01-29
青海省,中国,6,,0,0,0,0,0,2020-01-29
韩国,韩国,4,,0,0,0,0,0,2020-01-30
美国,美国,5,,0,0,0,0,0,2020-01-30
泰国,泰国,14,,5,0,0,0,0,2020-01-30
德国,德国,4,,0,0,0,0,0,2020-01-30
新加坡,新加坡,10,,0,0,0,0,0,2020-01-30
加拿大,加拿大,3,,0,0,0,0,0,2020-01-30
香港,中国,10,,0,0,0,0,0,2020-01-30
越南,越南,2,,0,0,0,0,0,2020-01-30
尼泊尔,尼泊尔,1,,0,0,0,0,0,2020-01-30
柬埔寨,柬埔寨,1,,0,0,0,0,0,2020-01-30
斯里兰卡,斯里兰卡,1,,0,0,0,0,0,2020-01-30
澳门,中国,7,,0,0,0,0,0,2020-01-30
法国,法国,5,,0,0,0,0,0,2020-01-31
加拿大,加拿大,3,,0,0,0,0,0,2020-01-31
马来西亚,马来西亚,8,,0,0,0,0,0,2020-01-31
芬兰,芬兰,1,,0,0,0,0,0,2020-01-31
阿联酋,阿联酋,4,,0,0,0,0,0,2020-01-31
越南,越南,2,,0,0,0,0,0,2020-01-31
尼泊尔,尼泊尔,1,,0,0,0,0,0,2020-01-31
柬埔寨,柬埔寨,1,,0,0,0,0,0,2020-01-31
斯里兰卡,斯里兰卡,1,,0,0,0,0,0,2020-01-31
印度,印度,1,,0,0,0,0,0,2020-01-31
澳门,中国,7,,0,0,0,0,0,2020-01-31
西藏自治区,中国,1,,0,0,0,0,0,2020-01-31
台湾,中国,10,,0,0,0,0,0,2020-02-01
贵州省,中国,29,,2,0,0,0,0,2020-02-01
澳门,中国,7,,0,0,0,0,0,2020-02-01
西藏自治区,中国,1,,0,0,0,0,0,2020-02-01
台湾,中国,10,,0,0,0,0,0,2020-02-02
泰国,泰国,19,,5,0,0,0,0,2020-02-02
意大利,意大利,2,,0,0,0,0,0,2020-02-02
日本,日本,20,,1,0,0,0,0,2020-02-02
法国,法国,6,,0,0,0,0,0,2020-02-02
西班牙,西班牙,7,,0,0,0,0,0,2020-02-02
英国,英国,2,,0,0,0,0,0,2020-02-02
加拿大,加拿大,4,,0,0,0,0,0,2020-02-02
瑞典,瑞典,1,,0,0,0,0,0,2020-02-02
马来西亚,马来西亚,8,,0,0,0,0,0,2020-02-02
芬兰,芬兰,1,,0,0,0,0,0,2020-02-02
越南,越南,6,,1,0,0,0,0,2020-02-02
尼泊尔,尼泊尔,1,,0,0,0,0,0,2020-02-02
柬埔寨,柬埔寨,1,,0,0,0,0,0,2020-02-02
斯里兰卡,斯里兰卡,1,,0,0,0,0,0,2020-02-02
俄罗斯,俄罗斯,2,,0,0,0,0,0,2020-02-02
韩国,韩国,15,,0,0,0,0,0,2020-02-03
台湾,中国,10,,0,0,0,0,0,2020-02-03
泰国,泰国,19,,5,0,0,0,0,2020-02-03
意大利,意大利,2,,0,0,0,0,0,2020-02-03
日本,日本,20,,1,0,0,0,0,2020-02-03
法国,法国,6,,0,0,0,0,0,2020-02-03
德国,德国,10,,0,0,0,0,0,2020-02-03
西班牙,西班牙,7,,0,0,0,0,0,2020-02-03
新加坡,新加坡,18,,0,0,0,0,0,2020-02-03
英国,英国,2,,0,0,0,0,0,2020-02-03
加拿大,加拿大,4,,0,0,0,0,0,2020-02-03
澳大利亚,澳大利亚,12,,2,0,0,0,0,2020-02-03
瑞典,瑞典,1,,0,0,0,0,0,2020-02-03
马来西亚,马来西亚,8,,0,0,0,0,0,2020-02-03
芬兰,芬兰,1,,0,0,0,0,0,2020-02-03
阿联酋,阿联酋,5,,0,0,0,0,0,2020-02-03
菲律宾,菲律宾,2,,0,0,0,0,1,2020-02-03
越南,越南,6,,1,0,0,0,0,2020-02-03
尼泊尔,尼泊尔,1,,0,0,0,0,0,2020-02-03
柬埔寨,柬埔寨,1,,0,0,0,0,0,2020-02-03
斯里兰卡,斯里兰卡,1,,0,0,0,0,0,2020-02-03
印度,印度,2,,0,0,0,0,0,2020-02-03
俄罗斯,俄罗斯,2,,0,0,0,0,0,2020-02-03
澳门,中国,8,,0,0,0,0,0,2020-02-03
西藏自治区,中国,1,,0,0,0,0,0,2020-02-03
意大利,意大利,2,,0,0,0,0,0,2020-02-04
日本,日本,20,,1,0,0,0,0,2020-02-04
法国,法国,6,,0,0,0,0,0,2020-02-04
西班牙,西班牙,7,,0,0,0,0,0,2020-02-04
英国,英国,2,,0,0,0,0,0,2020-02-04
加拿大,加拿大,4,,0,0,0,0,0,2020-02-04
瑞典,瑞典,1,,0,0,0,0,0,2020-02-04
芬兰,芬兰,1,,0,0,0,0,0,2020-02-04
阿联酋,阿联酋,5,,0,0,0,0,0,2020-02-04
菲律宾,菲律宾,2,,0,0,0,0,1,2020-02-04
尼泊尔,尼泊尔,1,,0,0,0,0,0,2020-02-04
柬埔寨,柬埔寨,1,,0,0,0,0,0,2020-02-04
斯里兰卡,斯里兰卡,1,,0,0,0,0,0,2020-02-04
俄罗斯,俄罗斯,2,,0,0,0,0,0,2020-02-04
台湾,中国,11,,0,0,0,0,0,2020-02-05
美国,美国,11,,0,0,0,0,0,2020-02-05
泰国,泰国,25,,5,0,0,0,0,2020-02-05
意大利,意大利,2,,0,0,0,0,0,2020-02-05
法国,法国,6,,0,0,0,0,0,2020-02-05
德国,德国,12,,0,0,0,0,0,2020-02-05
西班牙,西班牙,7,,0,0,0,0,0,2020-02-05
新加坡,新加坡,24,,0,0,0,0,0,2020-02-05
英国,英国,2,,0,0,0,0,0,2020-02-05
澳大利亚,澳大利亚,13,,2,0,0,0,0,2020-02-05
瑞典,瑞典,1,,0,0,0,0,0,2020-02-05
芬兰,芬兰,1,,0,0,0,0,0,2020-02-05
比利时,比利时,1,,0,0,0,0,0,2020-02-05
宁夏回族自治区,中国,34,,1,0,0,0,0,2020-02-05
阿联酋,阿联酋,5,,0,0,0,0,0,2020-02-05
菲律宾,菲律宾,2,,0,0,0,0,1,2020-02-05
越南,越南,10,,1,0,0,0,0,2020-02-05
尼泊尔,尼泊尔,1,,0,0,0,0,0,2020-02-05
柬埔寨,柬埔寨,1,,0,0,0,0,0,2020-02-05
斯里兰卡,斯里兰卡,1,,0,0,0,0,0,2020-02-05
印度,印度,3,,0,0,0,0,0,2020-02-05
俄罗斯,俄罗斯,2,,0,0,0,0,0,2020-02-05
澳门,中国,10,,0,0,0,0,0,2020-02-05
西藏自治区,中国,1,,0,0,0,0,0,2020-02-05
泰国,泰国,25,,5,0,0,0,0,2020-02-06
意大利,意大利,2,,0,0,0,0,0,2020-02-06
法国,法国,6,,0,0,0,0,0,2020-02-06
德国,德国,12,,0,0,0,0,0,2020-02-06
西班牙,西班牙,7,,0,0,0,0,0,2020-02-06
英国,英国,2,,0,0,0,0,0,2020-02-06
加拿大,加拿大,5,,0,0,0,0,0,2020-02-06
瑞典,瑞典,1,,0,0,0,0,0,2020-02-06
马来西亚,马来西亚,12,,0,0,0,0,0,2020-02-06
芬兰,芬兰,1,,0,0,0,0,0,2020-02-06
比利时,比利时,1,,0,0,0,0,0,2020-02-06
阿联酋,阿联酋,5,,0,0,0,0,0,2020-02-06
菲律宾,菲律宾,2,,0,0,0,0,1,2020-02-06
越南,越南,10,,1,0,0,0,0,2020-02-06
尼泊尔,尼泊尔,1,,0,0,0,0,0,2020-02-06
柬埔寨,柬埔寨,1,,0,0,0,0,0,2020-02-06
斯里兰卡,斯里兰卡,1,,0,0,0,0,0,2020-02-06
印度,印度,3,,0,0,0,0,0,2020-02-06
俄罗斯,俄罗斯,2,,0,0,0,0,0,2020-02-06
西藏自治区,中国,1,,0,0,0,0,0,2020-02-06
台湾,中国,16,,1,0,0,0,0,2020-02-07
美国,美国,12,,0,0,0,0,0,2020-02-07
泰国,泰国,25,,5,0,0,0,0,2020-02-07
意大利,意大利,2,,0,0,0,0,0,2020-02-07
法国,法国,6,,0,0,0,0,0,2020-02-07
德国,德国,12,,0,0,0,0,0,2020-02-07
西班牙,西班牙,7,,0,0,0,0,0,2020-02-07
英国,英国,2,,0,0,0,0,0,2020-02-07
加拿大,加拿大,5,,0,0,0,0,0,2020-02-07
瑞典,瑞典,1,,0,0,0,0,0,2020-02-07
芬兰,芬兰,1,,0,0,0,0,0,2020-02-07
比利时,比利时,1,,0,0,0,0,0,2020-02-07
阿联酋,阿联酋,5,,0,0,0,0,0,2020-02-07
菲律宾,菲律宾,2,,0,0,0,0,1,2020-02-07
越南,越南,10,,1,0,0,0,0,2020-02-07
尼泊尔,尼泊尔,1,,0,0,0,0,0,2020-02-07
柬埔寨,柬埔寨,1,,0,0,0,0,0,2020-02-07
斯里兰卡,斯里兰卡,1,,0,0,0,0,0,2020-02-07
印度,印度,3,,0,0,0,0,0,2020-02-07
俄罗斯,俄罗斯,2,,0,0,0,0,0,2020-02-07
澳门,中国,10,,1,0,0,0,0,2020-02-07
青海省,中国,18,,3,0,0,0,0,2020-02-07
西藏自治区,中国,1,,0,0,0,0,0,2020-02-07
韩国,韩国,24,,1,0,0,0,0,2020-02-08
美国,美国,12,,0,0,0,0,0,2020-02-08
西班牙,西班牙,7,,0,0,0,0,0,2020-02-08
加拿大,加拿大,5,,0,0,0,0,0,2020-02-08
瑞典,瑞典,1,,0,0,0,0,0,2020-02-08
芬兰,芬兰,1,,0,0,0,0,0,2020-02-08
比利时,比利时,1,,0,0,0,0,0,2020-02-08
尼泊尔,尼泊尔,1,,0,0,0,0,0,2020-02-08
柬埔寨,柬埔寨,1,,0,0,0,0,0,2020-02-08
斯里兰卡,斯里兰卡,1,,0,0,0,0,0,2020-02-08
印度,印度,3,,0,0,0,0,0,2020-02-08
俄罗斯,俄罗斯,2,,0,0,0,0,0,2020-02-08
澳门,中国,10,,1,0,0,0,0,2020-02-08
青海省,中国,18,,3,0,0,0,0,2020-02-08
西藏自治区,中国,1,,0,0,0,0,0,2020-02-08
美国,美国,12,,0,0,0,0,0,2020-02-09
泰国,泰国,32,,10,0,0,0,0,2020-02-09
意大利,意大利,3,,0,0,0,0,0,2020-02-09
日本,日本,89,,1,0,0,0,0,2020-02-09
法国,法国,11,,0,0,0,0,0,2020-02-09
德国,德国,14,,0,0,0,0,0,2020-02-09
西班牙,西班牙,7,,0,0,0,0,0,2020-02-09
英国,英国,3,,0,0,0,0,0,2020-02-09
澳大利亚,澳大利亚,15,,3,0,0,0,0,2020-02-09
瑞典,瑞典,1,,0,0,0,0,0,2020-02-09
马来西亚,马来西亚,16,,1,0,0,0,0,2020-02-09
芬兰,芬兰,1,,0,0,0,0,0,2020-02-09
比利时,比利时,1,,0,0,0,0,0,2020-02-09
阿联酋,阿联酋,7,,0,0,0,0,0,2020-02-09
菲律宾,菲律宾,3,,0,0,0,0,1,2020-02-09
越南,越南,13,,1,0,0,0,0,2020-02-09
尼泊尔,尼泊尔,1,,0,0,0,0,0,2020-02-09
柬埔寨,柬埔寨,1,,0,0,0,0,0,2020-02-09
斯里兰卡,斯里兰卡,1,,0,0,0,0,0,2020-02-09
印度,印度,3,,0,0,0,0,0,2020-02-09
俄罗斯,俄罗斯,2,,0,0,0,0,0,2020-02-09
澳门,中国,10,,1,0,0,0,0,2020-02-09
青海省,中国,18,,3,0,0,0,0,2020-02-09
西藏自治区,中国,1,,0,0,0,0,0,2020-02-09
台湾,中国,18,,1,0,0,0,0,2020-02-10
澳门,中国,10,,1,0,0,0,0,2020-02-10
青海省,中国,18,,3,0,0,0,0,2020-02-10
西藏自治区,中国,1,,0,0,0,0,0,2020-02-10
内蒙古自治区,中国,58,,5,0,0,0,0,2020-02-11
台湾,中国,18,,1,0,0,0,0,2020-02-11
澳门,中国,10,,1,0,0,0,0,2020-02-11
西藏自治区,中国,1,,0,0,0,0,0,2020-02-11
台湾,中国,18,,1,0,0,0,0,2020-02-12
甘肃省,中国,90,,39,0,0,0,2,2020-02-14
澳门,中国,10,,3,0,0,0,0,2020-02-14
青海省,中国,18,,11,0,0,0,0,2020-02-14
西藏自治区,中国,1,,1,0,0,0,0,2020-02-14
台湾,中国,18,,2,0,0,0,0,2020-02-15
香港,中国,56,,1,0,0,0,1,2020-02-15
澳门,中国,10,,3,0,0,0,0,2020-02-15
西藏自治区,中国,1,,1,0,0,0,0,2020-02-15
宁夏回族自治区,中国,70,,33,0,0,0,0,2020-02-16
青海省,中国,18,,13,0,0,0,0,2020-02-16
西藏自治区,中国,1,,1,0,0,0,0,2020-02-16
意大利,意大利,3,,0,0,0,0,0,2020-02-17
西班牙,西班牙,2,,0,0,0,0,0,2020-02-17
瑞典,瑞典,1,,0,0,0,0,0,2020-02-17
芬兰,芬兰,1,,1,0,0,0,0,2020-02-17
菲律宾,菲律宾,3,,1,0,0,0,1,2020-02-17
尼泊尔,尼泊尔,1,,0,0,0,0,0,2020-02-17
柬埔寨,柬埔寨,1,,1,0,0,0,0,2020-02-17
斯里兰卡,斯里兰卡,1,,0,0,0,0,0,2020-02-17
澳门,中国,10,,5,0,0,0,0,2020-02-17
青海省,中国,18,,13,0,0,0,0,2020-02-17
西藏自治区,中国,1,,1,0,0,0,0,2020-02-17
台湾,中国,22,,2,0,0,0,1,2020-02-18
美国,美国,15,,3,0,0,0,0,2020-02-18
意大利,意大利,3,,0,0,0,0,0,2020-02-18
德国,德国,16,,1,0,0,0,0,2020-02-18
西班牙,西班牙,2,,0,0,0,0,0,2020-02-18
加拿大,加拿大,8,,2,0,0,0,0,2020-02-18
瑞典,瑞典,1,,0,0,0,0,0,2020-02-18
芬兰,芬兰,1,,1,0,0,0,0,2020-02-18
埃及,埃及,1,,0,0,0,0,0,2020-02-18
菲律宾,菲律宾,3,,1,0,0,0,1,2020-02-18
越南,越南,16,,7,0,0,0,0,2020-02-18
尼泊尔,尼泊尔,1,,0,0,0,0,0,2020-02-18
柬埔寨,柬埔寨,1,,1,0,0,0,0,2020-02-18
斯里兰卡,斯里兰卡,1,,0,0,0,0,0,2020-02-18
俄罗斯,俄罗斯,2,,2,0,0,0,0,2020-02-18
澳门,中国,10,,5,0,0,0,0,2020-02-18
西藏自治区,中国,1,,1,0,0,0,0,2020-02-18
美国,美国,15,,3,0,0,0,0,2020-02-19
意大利,意大利,3,,0,0,0,0,0,2020-02-19
德国,德国,16,,1,0,0,0,0,2020-02-19
加拿大,加拿大,8,,2,0,0,0,0,2020-02-19
瑞典,瑞典,1,,0,0,0,0,0,2020-02-19
芬兰,芬兰,1,,1,0,0,0,0,2020-02-19
埃及,埃及,1,,0,0,0,0,0,2020-02-19
菲律宾,菲律宾,3,,1,0,0,0,1,2020-02-19
越南,越南,16,,7,0,0,0,0,2020-02-19
柬埔寨,柬埔寨,1,,1,0,0,0,0,2020-02-19
俄罗斯,俄罗斯,2,,2,0,0,0,0,2020-02-19
澳门,中国,10,,5,0,0,0,0,2020-02-19
西藏自治区,中国,1,,1,0,0,0,0,2020-02-19
意大利,意大利,3,,0,0,0,0,0,2020-02-20
瑞典,瑞典,1,,0,0,0,0,0,2020-02-20
芬兰,芬兰,1,,1,0,0,0,0,2020-02-20
菲律宾,菲律宾,3,,1,0,0,0,1,2020-02-20
柬埔寨,柬埔寨,1,,1,0,0,0,0,2020-02-20
青海省,中国,18,,16,0,0,0,0,2020-02-20
西藏自治区,中国,1,,1,0,0,0,0,2020-02-20
美国,美国,15,,3,0,0,0,0,2020-02-21
意大利,意大利,3,,0,0,0,0,0,2020-02-21
法国,法国,12,,4,0,0,0,1,2020-02-21
英国,英国,9,,8,0,0,0,0,2020-02-21
加拿大,加拿大,8,,2,0,0,0,0,2020-02-21
瑞典,瑞典,1,,0,0,0,0,0,2020-02-21
芬兰,芬兰,1,,1,0,0,0,0,2020-02-21
比利时,比利时,1,,1,0,0,0,0,2020-02-21
埃及,埃及,1,,0,0,0,0,0,2020-02-21
阿联酋,阿联酋,9,,4,0,0,0,0,2020-02-21
菲律宾,菲律宾,3,,1,0,0,0,1,2020-02-21
柬埔寨,柬埔寨,1,,1,0,0,0,0,2020-02-21
印度,印度,3,,3,0,0,0,0,2020-02-21
俄罗斯,俄罗斯,2,,2,0,0,0,0,2020-02-21
澳门,中国,10,,6,0,0,0,0,2020-02-21
西藏自治区,中国,1,,1,0,0,0,0,2020-02-21
台湾,中国,26,,2,0,0,0,1,2020-02-22
法国,法国,12,,4,0,0,0,1,2020-02-22
英国,英国,9,,8,0,0,0,0,2020-02-22
加拿大,加拿大,8,,2,0,0,0,0,2020-02-22
瑞典,瑞典,1,,0,0,0,0,0,2020-02-22
芬兰,芬兰,1,,1,0,0,0,0,2020-02-22
比利时,比利时,1,,1,0,0,0,0,2020-02-22
埃及,埃及,1,,0,0,0,0,0,2020-02-22
甘肃省,中国,91,,76,0,0,0,2,2020-02-22
宁夏回族自治区,中国,71,,48,0,0,0,0,2020-02-22
菲律宾,菲律宾,3,,1,0,0,0,1,2020-02-22
柬埔寨,柬埔寨,1,,1,0,0,0,0,2020-02-22
印度,印度,3,,3,0,0,0,0,2020-02-22
俄罗斯,俄罗斯,2,,2,0,0,0,0,2020-02-22
澳门,中国,10,,6,0,0,0,0,2020-02-22
青海省,中国,18,,18,0,0,0,0,2020-02-22
西藏自治区,中国,1,,1,0,0,0,0,2020-02-22
法国,法国,12,,4,0,0,0,1,2020-02-23
西班牙,西班牙,2,,2,0,0,0,0,2020-02-23
英国,英国,9,,8,0,0,0,0,2020-02-23
加拿大,加拿大,8,,2,0,0,0,0,2020-02-23
瑞典,瑞典,1,,0,0,0,0,0,2020-02-23
马来西亚,马来西亚,22,,15,0,0,0,0,2020-02-23
芬兰,芬兰,1,,1,0,0,0,0,2020-02-23
比利时,比利时,1,,1,0,0,0,0,2020-02-23
埃及,埃及,1,,0,0,0,0,0,2020-02-23
菲律宾,菲律宾,3,,1,0,0,0,1,2020-02-23
尼泊尔,尼泊尔,1,,1,0,0,0,0,2020-02-23
柬埔寨,柬埔寨,1,,1,0,0,0,0,2020-02-23
斯里兰卡,斯里兰卡,1,,1,0,0,0,0,2020-02-23
印度,印度,3,,3,0,0,0,0,2020-02-23
俄罗斯,俄罗斯,2,,2,0,0,0,0,2020-02-23
法国,法国,12,,4,0,0,0,1,2020-02-24
西班牙,西班牙,2,,2,0,0,0,0,2020-02-24
瑞典,瑞典,1,,0,0,0,0,0,2020-02-24
芬兰,芬兰,1,,1,0,0,0,0,2020-02-24
比利时,比利时,1,,1,0,0,0,0,2020-02-24
埃及,埃及,1,,0,0,0,0,0,2020-02-24
贵州省,中国,146,,102,0,0,0,2,2020-02-24
菲律宾,菲律宾,3,,1,0,0,0,1,2020-02-24
越南,越南,16,,14,0,0,0,0,2020-02-24
尼泊尔,尼泊尔,1,,1,0,0,0,0,2020-02-24
柬埔寨,柬埔寨,1,,1,0,0,0,0,2020-02-24
斯里兰卡,斯里兰卡,1,,1,0,0,0,0,2020-02-24
印度,印度,3,,3,0,0,0,0,2020-02-24
俄罗斯,俄罗斯,2,,2,0,0,0,0,2020-02-24
澳门,中国,10,,6,0,0,0,0,2020-02-24
青海省,中国,18,,18,0,0,0,0,2020-02-24
西藏自治区,中国,1,,1,0,0,0,0,2020-02-24
内蒙古自治区,中国,75,,34,0,0,0,0,2020-02-25
瑞典,瑞典,1,,0,0,0,0,0,2020-02-25
芬兰,芬兰,1,,1,0,0,0,0,2020-02-25
比利时,比利时,1,,1,0,0,0,0,2020-02-25
埃及,埃及,1,,0,0,0,0,0,2020-02-25
甘肃省,中国,91,,80,0,0,0,2,2020-02-25
菲律宾,菲律宾,3,,1,0,0,0,1,2020-02-25
尼泊尔,尼泊尔,1,,1,0,0,0,0,2020-02-25
柬埔寨,柬埔寨,1,,1,0,0,0,0,2020-02-25
斯里兰卡,斯里兰卡,1,,1,0,0,0,0,2020-02-25
印度,印度,3,,3,0,0,0,0,2020-02-25
俄罗斯,俄罗斯,2,,2,0,0,0,0,2020-02-25
新疆维吾尔自治区,中国,76,,30,0,0,0,2,2020-02-25
青海省,中国,18,,18,0,0,0,0,2020-02-25
西藏自治区,中国,1,,1,0,0,0,0,2020-02-25
贵州省,中国,146,,104,0,0,0,2,2020-02-26
澳门,中国,10,,7,0,0,0,0,2020-02-26
青海省,中国,18,,18,0,0,0,0,2020-02-26
西藏自治区,中国,1,,1,0,0,0,0,2020-02-26
台湾,中国,32,,5,0,0,0,1,2020-02-27
比利时,比利时,1,,1,0,0,0,0,2020-02-27
埃及,埃及,1,,0,0,0,0,0,2020-02-27
甘肃省,中国,91,,81,0,0,0,2,2020-02-27
阿联酋,阿联酋,13,,4,0,0,0,0,2020-02-27
菲律宾,菲律宾,3,,1,0,0,0,1,2020-02-27
尼泊尔,尼泊尔,1,,1,0,0,0,0,2020-02-27
柬埔寨,柬埔寨,1,,1,0,0,0,0,2020-02-27
斯里兰卡,斯里兰卡,1,,1,0,0,0,0,2020-02-27
印度,印度,3,,3,0,0,0,0,2020-02-27
俄罗斯,俄罗斯,2,,2,0,0,0,0,2020-02-27
青海省,中国,18,,18,0,0,0,0,2020-02-27
西藏自治区,中国,1,,1,0,0,0,0,2020-02-27
比利时,比利时,1,,1,0,0,0,0,2020-02-28
辽宁省,中国,121,,93,0,0,0,1,2020-02-28
宁夏回族自治区,中国,72,,68,0,0,0,0,2020-02-28
贵州省,中国,146,,112,0,0,0,2,2020-02-28
菲律宾,菲律宾,3,,1,0,0,0,1,2020-02-28
尼泊尔,尼泊尔,1,,1,0,0,0,0,2020-02-28
柬埔寨,柬埔寨,1,,1,0,0,0,0,2020-02-28
斯里兰卡,斯里兰卡,1,,1,0,0,0,0,2020-02-28
印度,印度,3,,3,0,0,0,0,2020-02-28
澳门,中国,10,,8,0,0,0,0,2020-02-28
青海省,中国,18,,18,0,0,0,0,2020-02-28
西藏自治区,中国,1,,1,0,0,0,0,2020-02-28
甘肃省,中国,91,,82,0,0,0,2,2020-02-29
香港,中国,94,,30,0,0,0,2,2020-02-29
贵州省,中国,146,,112,0,0,0,2,2020-02-29
澳门,中国,10,,8,0,0,0,0,2020-02-29
青海省,中国,18,,18,0,0,0,0,2020-02-29
西藏自治区,中国,1,,1,0,0,0,0,2020-02-29
宁夏回族自治区,中国,73,,69,0,0,0,0,2020-03-01
贵州省,中国,146,,112,0,0,0,2,2020-03-01
大不列颠及北爱尔兰联合王国,大不列颠及北爱尔兰联合王国,20,,8,0,0,0,0,2020-03-01
英国（含北爱尔兰）,英国（含北爱尔兰）,20,,8,0,0,0,0,2020-03-01
澳门,中国,10,,8,0,0,0,0,2020-03-01
青海省,中国,18,,18,0,0,0,0,2020-03-01
西藏自治区,中国,1,,1,0,0,0,0,2020-03-01
天津市,中国,136,,111,0,0,0,3,2020-03-02
海南省,中国,168,,149,0,0,0,5,2020-03-02
新疆维吾尔自治区,中国,76,,64,0,0,0,3,2020-03-02
大不列颠及北爱尔兰联合王国,大不列颠及北爱尔兰联合王国,20,,8,0,0,0,0,2020-03-02
英国（含北爱尔兰）,英国（含北爱尔兰）,20,,8,0,0,0,0,2020-03-02
澳门,中国,10,,8,0,0,0,0,2020-03-02
青海省,中国,18,,18,0,0,0,0,2020-03-02
西藏自治区,中国,1,,1,0,0,0,0,2020-03-02
英国,英国,15,,8,-15,-8,0,0,2020-02-28
英国,英国（含北爱尔兰）,16,,8,-16,-8,0,0,2020-02-29
爱尔兰,英国（含北爱尔兰）,16,,8,-16,-8,0,0,2020-02-29
北爱尔兰,英国（含北爱尔兰）,16,,8,-16,-8,0,0,2020-02-29
爱尔兰,大不列颠及北爱尔兰联合王国,20,,8,-20,-8,0,0,2020-03-01
北爱尔兰,大不列颠及北爱尔兰联合王国,20,,8,-20,-8,0,0,2020-03-01
印度,印度,3,,3,-3,-3,0,0,2020-03-02
俄罗斯,俄罗斯,2,,2,-2,-2,0,0,2020-02-28
